,Unnamed: 0,Rank,Name,Age,Team,Positions,Value,cleaned_name
0,0,1.0,Victor Wembanyama,20.9,SA,C,9998.08,Victor Wembanyama
1,1,2.0,Shai Gilgeous-Alexander,26.4,OKC,PG,9996.16,Shai Gilgeous-Alexander
2,2,3.0,Luka Doncic,25.7,DAL,"PG,SG",9994.24,Luka Doncic
3,3,4.0,Nikola Jokic,29.8,DEN,C,9992.32,Nikola Jokic
4,4,5.0,Chet Holmgren,22.6,OKC,"PF,C",9990.4,Chet Holmgren
5,5,6.0,Jayson Tatum,26.7,BOS,"SF,PF",9701.763180038326,Jayson Tatum
6,6,7.0,Tyrese Haliburton,24.7,IND,"PG,SG",9369.104018261303,Tyrese Haliburton
7,7,8.0,Cade Cunningham,23.2,DET,"PG,SG",9080.941545081365,Cade Cunningham
8,8,9.0,Trae Young,26.2,ATL,PG,8826.764230022407,Trae Young
9,9,10.0,Scottie Barnes,23.3,TOR,"SG,SF,PF",8599.394873867746,Scottie Barnes
10,10,11.0,Anthony Edwards,23.3,MIN,"SG,SF",8393.714272536286,Anthony Edwards
11,11,12.0,Giannis Antetokounmpo,30.0,MIL,"PF,C",8205.942595065448,Giannis Antetokounmpo
12,12,13.0,LaMelo Ball,23.3,CHA,"PG,SG",8033.209396153318,LaMelo Ball
13,13,14.0,Devin Booker,28.1,PHO,"PG,SG",7873.283433288427,Devin Booker
14,14,15.0,Evan Mobley,23.4,CLE,"PF,C",7724.395923851828,Evan Mobley
15,15,16.0,Alperen Sengün,22.3,HOU,C,7585.1209601084865,Alperen Sengun
16,16,17.0,Jalen Williams,23.6,OKC,"SG,SF,PF,C",7454.292241746013,Jalen Williams
17,17,18.0,Tyrese Maxey,24.1,PHI,"PG,SG",7330.94364504953,Tyrese Maxey
18,18,19.0,Donovan Mitchell,28.2,CLE,"PG,SG",7214.265881918432,Donovan Mitchell
19,19,20.0,Jaren Jackson Jr.,25.2,MEM,"PF,C",7103.574288894868,Jaren Jackson
20,20,21.0,Anthony Davis,31.7,LAL,"PF,C",6998.284483272509,Anthony Davis
21,21,22.0,Paolo Banchero,22.0,ORL,"SF,PF",6897.893687563407,Paolo Banchero
22,22,23.0,Jalen Johnson,22.9,ATL,PF,6801.96620872974,Jalen Johnson
23,23,24.0,Karl-Anthony Towns,29.0,NY,"PF,C",6710.122010092568,Karl-Anthony Towns
24,24,25.0,Joel Embiid,30.7,PHI,C,6622.0276176812495,Joel Embiid
25,25,26.0,Domantas Sabonis,28.6,SAC,C,6537.388811180439,Domantas Sabonis
26,26,27.0,De'Aaron Fox,26.9,SAC,PG,6455.944695033611,De'Aaron Fox
27,27,28.0,Darius Garland,24.8,CLE,PG,6377.462848315548,Darius Garland
28,28,29.0,Bam Adebayo,27.4,MIA,C,6301.735326081149,Bam Adebayo
29,29,30.0,Franz Wagner,23.3,ORL,"SF,PF",6228.57533887895,Franz Wagner
30,30,31.0,Lauri Markkanen,27.5,UTA,"SF,PF",6157.814476926628,Lauri Markkanen
31,31,32.0,Ja Morant,25.3,MEM,PG,6089.300375135607,Ja Morant
32,32,33.0,Jalen Brunson,28.2,NY,PG,6022.89473754749,Jalen Brunson
33,33,34.0,Jamal Murray,27.8,DEN,"PG,SG",5958.471656773135,Jamal Murray
34,34,35.0,Desmond Bane,26.4,MEM,"SG,SF",5895.91617710193,Desmond Bane
35,35,36.0,Zion Williamson,24.4,NO,"PF,C",5835.123060076651,Zion Williamson
36,36,37.0,Stephen Curry,36.7,GS,"PG,SG",5775.995719235974,Stephen Curry
37,37,38.0,Kyrie Irving,32.7,DAL,"PG,SG",5718.445296945552,Kyrie Irving
38,38,39.0,Jaylen Brown,28.1,BOS,"SG,SF",5662.389861164522,Jaylen Brown
39,39,40.0,Brandon Miller,22.0,CHA,"SG,SF",5607.753703921989,Brandon Miller
40,40,41.0,Dejounte Murray,28.2,NO,"PG,SG",5554.46672642956,Dejounte Murray
41,41,42.0,James Harden,35.3,LAC,"PG,SG",5502.46389829963,James Harden
42,42,43.0,Myles Turner,28.7,IND,C,5451.684780403795,Myles Turner
43,43,44.0,Damian Lillard,34.4,MIL,PG,5402.07310259053,Damian Lillard
44,44,45.0,Immanuel Quickley,25.4,TOR,"PG,SG",5353.576388863032,Immanuel Quickley
45,45,46.0,Jordan Poole,25.4,WAS,"PG,SG",5306.145623756862,Jordan Poole
46,46,47.0,Devin Vassell,24.3,SA,"SG,SF",5259.734954599728,Devin Vassell
47,47,48.0,Amen Thompson,21.8,HOU,"SG,SF",5214.301425119689,Amen Thompson
48,48,49.0,Nicolas Claxton,25.6,BKN,C,5169.80473652261,Nicolas Claxton
49,49,50.0,Paul George,34.6,PHI,"SG,SF,PF",5126.207032708371,Paul George
50,50,51.0,Tyler Herro,24.9,MIA,"PG,SG",5083.472706757217,Tyler Herro
51,51,52.0,Fred VanVleet,30.8,HOU,PG,5041.568226207561,Fred VanVleet
52,52,53.0,Pascal Siakam,30.7,IND,"SF,PF",5000.461974977159,Pascal Siakam
53,53,54.0,Kevin Durant,36.2,PHO,"SF,PF",4960.124110060733,Kevin Durant
54,54,55.0,Jarrett Allen,26.6,CLE,C,4920.526431376909,Jarrett Allen
55,55,56.0,Mikal Bridges,28.2,NY,"SG,SF,PF",4881.642263342668,Mikal Bridges
56,56,57.0,Anfernee Simons,25.5,POR,"PG,SG",4843.446346929635,Anfernee Simons
57,57,58.0,Jalen Duren,21.0,DET,C,4805.91474110827,Jalen Duren
58,58,59.0,Deandre Ayton,26.3,POR,C,4769.024732716933,Deandre Ayton
59,59,60.0,Josh Giddey,22.1,CHI,"PG,SG,SF",4732.754753906072,Josh Giddey
60,60,61.0,Kristaps Porzingis,29.3,BOS,"PF,C",4697.084306406192,Kristaps Porzingis
61,61,62.0,Brandon Ingram,27.2,NO,"SG,SF,PF",4661.993891953749,Brandon Ingram
62,62,63.0,OG Anunoby,27.4,NY,"SF,PF",4627.464948283712,OG Anunoby
63,63,64.0,Walker Kessler,23.3,UTA,C,4593.47979016273,Walker Kessler
64,64,65.0,Dyson Daniels,21.7,ATL,"PG,SG",4560.021554993942,Dyson Daniels
65,65,66.0,Alexandre Sarr,19.6,WAS,"PF,C",4527.0741525746125,Alexandre Sarr
66,66,67.0,Ausar Thompson,21.8,DET,"SF,PF",4494.622218631801,Ausar Thompson
67,67,68.0,Jalen Suggs,23.5,ORL,"PG,SG",4462.651071800256,Jalen Suggs
68,68,69.0,Bilal Coulibaly,20.3,WAS,"SG,SF",4431.146673740945,Bilal Coulibaly
69,69,70.0,Coby White,24.8,CHI,"PG,SG",4400.09559212905,Coby White
70,70,71.0,Jonathan Kuminga,22.1,GS,"SF,PF",4369.484966267231,Jonathan Kuminga
71,71,72.0,Trey Murphy III,24.4,NO,"SF,PF",4339.302475103772,Trey Murphy
72,72,73.0,Dereck Lively II,20.8,DAL,C,4309.536307456603,Dereck Lively
73,73,74.0,Rudy Gobert,32.4,MIN,C,4280.175134263094,Rudy Gobert
74,74,75.0,Onyeka Okongwu,24.0,ATL,"PF,C",4251.208082692454,Onyeka Okongwu
75,75,76.0,Donovan Clingan,20.8,POR,C,4222.624711972674,Donovan Clingan
76,76,77.0,Mark Williams,22.9,CHA,C,4194.41499079759,Mark Williams
77,77,78.0,Scoot Henderson,20.8,POR,PG,4166.569276191643,Scoot Henderson
78,78,79.0,Jalen Green,22.8,HOU,"PG,SG",4139.078293720957,Jalen Green
79,79,80.0,Keyonte George,21.1,UTA,"PG,SG",4111.933118949111,Keyonte George
80,80,81.0,Tari Eason,23.6,HOU,"SF,PF",4085.125160044814,Tari Eason
81,81,82.0,Keegan Murray,24.3,SAC,"SF,PF",4058.646141456682,Keegan Murray
82,82,83.0,Austin Reaves,26.5,LAL,"PG,SG",4032.488088577477,Austin Reaves
83,83,84.0,Shaedon Sharpe,21.5,POR,"SG,SF",4006.643313326753,Shaedon Sharpe
84,84,85.0,Reed Sheppard,20.4,HOU,SG,3981.104400586637,Reed Sheppard
85,85,86.0,Derrick White,30.4,BOS,"PG,SG",3955.864195430917,Derrick White
86,86,87.0,Miles Bridges,26.7,CHA,"SF,PF",3930.915791092353,Miles Bridges
87,87,88.0,LeBron James,39.9,LAL,"SF,PF",3906.2525176176496,LeBron James
88,88,89.0,RJ Barrett,24.5,TOR,"SF,PF",3881.8679311634182,RJ Barrett
89,89,90.0,Jimmy Butler,35.2,MIA,"SF,PF",3857.7558038901534,Jimmy Butler
90,90,91.0,Ivica Zubac,27.7,LAC,C,3833.910114414624,Ivica Zubac
91,91,92.0,Kawhi Leonard,33.4,LAC,"SG,SF,PF",3810.325038783984,Kawhi Leonard
92,92,93.0,Jeremy Sochan,21.5,SA,"SF,PF",3786.994941937832,Jeremy Sochan
93,93,94.0,Zaccharie Risacher,19.6,ATL,SF,3763.914369626849,Zaccharie Risacher
94,94,95.0,Jabari Smith Jr.,21.5,HOU,"PF,C",3741.078040759056,Jabari Smith
95,95,96.0,Naz Reid,25.3,MIN,"PF,C",3718.4808401468126,Naz Reid
96,96,97.0,Zach LaVine,29.7,CHI,"SG,SF",3696.117811629638,Zach LaVine
97,97,98.0,Bennedict Mathurin,22.4,IND,"SG,SF",3673.98415154973,Bennedict Mathurin
98,98,99.0,Cam Thomas,23.1,BKN,"SG,SF",3652.0752025586935,Cam Thomas
99,99,100.0,Christian Braun,23.6,DEN,"SG,SF",3630.386447735491,Christian Braun
100,100,101.0,Julius Randle,30.0,MIN,PF,3608.9135049970737,Julius Randle
101,101,102.0,Jrue Holiday,34.5,BOS,"PG,SG",3587.65212178434,Jrue Holiday
102,102,103.0,Zach Edey,22.5,MEM,C,3566.598170007337,Zach Edey
103,103,104.0,Stephon Castle,20.1,SA,"PG,SG",3545.7476412346823,Stephon Castle
104,104,105.0,Jared McCain,20.8,PHI,"PG,SG",3525.0966421131343,Jared McCain
105,105,106.0,Kyshawn George,21.0,WAS,"SG,SF",3504.6413900042808,Kyshawn George
106,106,107.0,DeMar DeRozan,35.3,SAC,"SF,PF",3484.3782088260887,DeMar DeRozan
107,107,108.0,Kyle Kuzma,29.3,WAS,PF,3464.3035250878547,Kyle Kuzma
108,108,109.0,Taylor Hendricks,21.0,UTA,"SF,PF",3444.413864107912,Taylor Hendricks
109,109,110.0,Brandin Podziemski,21.8,GS,SG,3424.705846404031,Brandin Podziemski
110,110,111.0,Collin Sexton,25.9,UTA,"PG,SG",3405.1761842471788,Collin Sexton
111,111,112.0,Dalton Knecht,23.6,LAL,SG,3385.821678369792,Dalton Knecht
112,112,113.0,Ron Holland II,19.4,DET,SF,3366.639214820394,Ron Holland
113,113,114.0,Herbert Jones,26.1,NO,"SF,PF",3347.625761956755,Herbert Jones
114,114,115.0,Deni Avdija,23.9,POR,"SF,PF",3328.778367570365,Deni Avdija
115,115,116.0,Carlton Carrington,19.4,WAS,"PG,SG",3310.094156135392,Carlton Carrington
116,116,117.0,Rob Dillingham,19.9,MIN,PG,3291.5703261757244,Rob Dillingham
117,117,118.0,Nikola Topic,19.3,OKC,PG,3273.2041477440544,Nikola Topic
118,118,119.0,Bradley Beal,31.4,PHO,"PG,SG,SF",3254.9929600073174,Bradley Beal
119,119,120.0,Michael Porter Jr.,26.4,DEN,"SF,PF",3236.9341689331923,Michael Porter
120,120,121.0,Isaiah Hartenstein,26.6,OKC,C,3219.025245072571,Isaiah Hartenstein
121,121,122.0,Jakob Poeltl,29.1,TOR,C,3201.263721433313,Jakob Poeltl
122,122,123.0,D'Angelo Russell,28.8,LAL,PG,3183.647191440765,D'Angelo Russell
123,123,124.0,Jaden Ivey,22.8,DET,"PG,SG",3166.1733069808706,Jaden Ivey
124,124,125.0,Donte DiVincenzo,27.8,MIN,"SG,SF",3148.8397765218724,Donte DiVincenzo
125,125,126.0,Cameron Johnson,28.7,BKN,"SF,PF",3131.644363310834,Cameron Johnson
126,126,127.0,Trayce Jackson-Davis,24.8,GS,"PF,C",3114.5848836414607,Trayce Jackson-Davis
127,127,128.0,Cam Whitmore,20.4,HOU,"SF,PF",3097.6592051898515,Cam Whitmore
128,128,129.0,CJ McCollum,33.2,NO,"PG,SG",3080.865245415,CJ McCollum
129,129,130.0,Jaime Jaquez Jr.,23.8,MIA,SF,3064.200970021064,Jaime Jaquez
130,130,131.0,Cason Wallace,21.1,OKC,"PG,SG",3047.6643914785527,Cason Wallace
131,131,132.0,Nikola Vucevic,34.1,CHI,"PF,C",3031.253567601734,Nikola Vucevic
132,132,133.0,Josh Hart,29.7,NY,"SF,PF",3014.966600179736,Josh Hart
133,133,134.0,Kyle Filipowski,21.1,UTA,"PF,C",2998.8016336589226,Kyle Filipowski
134,134,135.0,Wendell Carter Jr.,25.6,ORL,C,2982.756853874236,Wendell Carter
135,135,136.0,Daniel Gafford,26.2,DAL,"PF,C",2966.830486827377,Daniel Gafford
136,136,137.0,Tobias Harris,32.4,DET,"SF,PF",2951.020797509725,Tobias Harris
137,137,138.0,John Collins,27.2,UTA,"PF,C",2935.3260887680644,John Collins
138,138,139.0,Gradey Dick,21.0,TOR,"SG,SF",2919.744700211273,Gradey Dick
139,139,140.0,Jerami Grant,30.7,POR,"SF,PF",2904.275007156173,Jerami Grant
140,140,141.0,Aaron Nesmith,25.1,IND,"SF,PF",2888.9154196109303,Aaron Nesmith
141,141,142.0,Kel'el Ware,20.6,MIA,C,2873.664381294353,Kel'el Ware
142,142,143.0,Tidjane Salaun,19.3,CHA,PF,2858.5203686896057,Tidjane Salaun
143,143,144.0,Devin Carter,22.7,SAC,PG,2843.4818901308936,Devin Carter
144,144,145.0,Jarace Walker,21.2,IND,PF,2828.547484921773,Jarace Walker
145,145,146.0,Clint Capela,30.5,ATL,C,2813.7157224837247,Clint Capela
146,146,147.0,Matas Buzelis,20.1,CHI,SF,2798.9852015338147,Matas Buzelis
147,147,148.0,Terry Rozier,30.7,MIA,PG,2784.3545492902176,Terry Rozier
148,148,149.0,Ben Simmons,28.4,BKN,"PG,C",2769.8224207045005,Ben Simmons
149,149,150.0,Jonathan Isaac,27.2,ORL,"SF,PF",2755.3874977195737,Jonathan Isaac
150,150,151.0,Norman Powell,31.5,LAC,"SG,SF",2741.048488552304,Norman Powell
151,151,152.0,Alex Caruso,30.7,OKC,"SG,SF",2726.804126999796,Alex Caruso
152,152,153.0,Khris Middleton,33.3,MIL,SF,2712.653171768421,Khris Middleton
153,153,154.0,Marcus Smart,30.7,MEM,"PG,SG",2698.5944058247114,Marcus Smart
154,154,155.0,Malik Monk,26.8,SAC,"SG,SF",2684.626635767252,Malik Monk
155,155,156.0,Noah Clowney,20.4,BKN,"SF,PF,C",2670.748691218765,Noah Clowney
156,156,157.0,De'Andre Hunter,27.0,ATL,"SF,PF",2656.9594242376297,De'Andre Hunter
157,157,158.0,Yves Missi,20.5,NO,C,2643.2577087480768,Yves Missi
158,158,159.0,Scotty Pippen Jr.,24.0,MEM,"PG,SG",2629.6424399883635,Scotty Pippen
159,159,160.0,Anthony Black,20.9,ORL,"PG,SG",2616.112533976233,Anthony Black
160,160,161.0,Keon Ellis,24.9,SAC,"SG,SF",2602.6669269910453,Keon Ellis
161,161,162.0,Jaden McDaniels,24.2,MIN,"SF,PF",2589.304575071937,Jaden McDaniels
162,162,163.0,Patrick Williams,23.3,CHI,PF,2576.0244535314087,Patrick Williams
163,163,164.0,Nikola Jovic,21.5,MIA,"PF,C",2562.825556483802,Nikola Jovic
164,164,165.0,Andrew Nembhard,24.9,IND,"PG,SG",2549.706896388116,Andrew Nembhard
165,165,166.0,Miles McBride,24.2,NY,"PG,SG",2536.6675036045963,Miles McBride
166,166,167.0,Tre Jones,24.9,SA,PG,2523.7064259647086,Tre Jones
167,167,168.0,Mitchell Robinson,26.7,NY,C,2510.8227283538745,Mitchell Robinson
168,168,169.0,Peyton Watson,22.2,DEN,"SF,PF",2498.0154923066366,Peyton Watson
169,169,170.0,Ryan Dunn,21.9,PHO,SF,2485.283815613758,Ryan Dunn
170,170,171.0,Ayo Dosunmu,24.9,CHI,"SG,SF",2472.626811940838,Ayo Dosunmu
171,171,172.0,Robert Williams III,27.1,POR,C,2460.0436104580385,Robert Williams
172,172,173.0,Nick Richards,27.0,CHA,C,2447.5333554805584,Nick Richards
173,173,174.0,Jusuf Nurkic,30.3,PHO,C,2435.095206119475,Jusuf Nurkic
174,174,175.0,Tyus Jones,28.6,PHO,PG,2422.728335942553,Tyus Jones
175,175,176.0,Draymond Green,34.7,GS,"PF,C",2410.431932644773,Draymond Green
176,176,177.0,P.J. Washington,26.3,DAL,PF,2398.205197728137,P.J. Washington
177,177,178.0,Jaylen Wells,21.3,MEM,SF,2386.0473461905385,Jaylen Wells
178,178,179.0,Max Christie,21.8,LAL,"SG,SF",2373.9576062233227,Max Christie
179,179,180.0,Jalen Smith,24.7,CHI,"PF,C",2361.935218917275,Jalen Smith
180,180,181.0,Keldon Johnson,25.1,SA,"SG,SF,PF",2349.9794379767627,Keldon Johnson
181,181,182.0,De'Anthony Melton,26.5,GS,"PG,SG",2338.089529441744,De'Anthony Melton
182,182,183.0,Cole Anthony,24.5,ORL,PG,2326.2647714173945,Cole Anthony
183,183,184.0,Rui Hachimura,26.8,LAL,"SF,PF",2314.504453811105,Rui Hachimura
184,184,185.0,Isaiah Stewart,23.5,DET,"PF,C",2302.807878076599,Isaiah Stewart
185,185,186.0,Payton Pritchard,26.8,BOS,PG,2291.1743569649534,Payton Pritchard
186,186,187.0,Kevin Huerter,26.3,SAC,"SG,SF",2279.6032142822987,Kevin Huerter
187,187,188.0,Moses Moody,22.5,GS,"SG,SF",2268.093784653971,Moses Moody
188,188,189.0,Grayson Allen,29.1,PHO,"PG,SG",2256.6454132949166,Grayson Allen
189,189,190.0,Gary Trent Jr.,25.9,MIL,"PG,SG",2245.257455786177,Gary Trent
190,190,191.0,Jonas Valanciunas,32.6,WAS,C,2233.9292778572126,Jonas Valanciunas
191,191,192.0,Dennis Schröder,31.2,BKN,PG,2222.6602551739325,Dennis Schroder
192,192,193.0,Josh Green,24.0,CHA,"SG,SF",2211.449773132212,Josh Green
193,193,194.0,Cody Williams,20.0,UTA,SF,2200.2972266567594,Cody Williams
194,194,195.0,Vince Williams Jr.,24.2,MEM,"PG,SG,SF",2189.2020200051466,Vince Williams
195,195,196.0,Tre Mann,23.8,CHA,"PG,SG",2178.1635665768536,Tre Mann
196,196,197.0,Bruce Brown,28.3,TOR,"SG,SF",2167.18128872717,Bruce Brown
197,197,198.0,Isaiah Joe,25.4,OKC,"PG,SG",2156.254617585815,Isaiah Joe
198,198,199.0,Brook Lopez,36.7,MIL,C,2145.3829928801133,Brook Lopez
199,199,200.0,Davion Mitchell,26.2,TOR,"PG,SG",2134.5658627626144,Davion Mitchell
200,200,201.0,Jordan Hawkins,22.6,NO,SG,2123.8026836430035,Jordan Hawkins
201,201,202.0,Buddy Hield,31.9,GS,"SG,SF",2113.092920024196,Buddy Hield
202,202,203.0,Toumani Camara,24.6,POR,"SF,PF",2102.436044342454,Toumani Camara
203,203,204.0,Julian Strawther,22.6,DEN,SG,2091.831536811462,Julian Strawther
204,204,205.0,Isaiah Collier,20.1,UTA,PG,2081.2788852701838,Isaiah Collier
205,205,206.0,Moussa Diabaté,22.9,CHA,C,2070.7775850344588,Moussa Diabate
206,206,207.0,DaRon Holmes II,22.3,DEN,PF,2060.327138752149,DaRon Holmes
207,207,208.0,Isaac Okoro,23.8,CLE,"SF,PF",2049.927056261804,Isaac Okoro
208,208,209.0,Caris LeVert,30.3,CLE,"SG,SF",2039.5768544547168,Caris LeVert
209,209,210.0,Precious Achiuwa,25.2,NY,"PF,C",2029.276057140256,Precious Achiuwa
210,210,211.0,Johnny Furphy,20.0,IND,SG,2019.0241949144,Johnny Furphy
211,211,212.0,Bobi Klintman,21.7,DET,PF,2008.8208050314024,Bobi Klintman
212,212,213.0,Nikola Djurisic,20.8,ATL,SF,1998.665431278436,Nikola Djurisic
213,213,214.0,Andrew Wiggins,29.8,GS,"SF,PF",1988.5576238532103,Andrew Wiggins
214,214,215.0,Duncan Robinson,30.6,MIA,"SG,SF",1978.49693924442,Duncan Robinson
215,215,216.0,Bogdan Bogdanovic,32.3,ATL,"SG,SF",1968.4829401149743,Bogdan Bogdanovic
216,216,217.0,Tristan Da Silva,23.5,ORL,SF,1958.5151951879325,Tristan Da Silva
217,217,218.0,Aaron Gordon,29.2,DEN,"PF,C",1948.5932791350333,Aaron Gordon
218,218,219.0,Corey Kispert,25.7,WAS,"SG,SF",1938.7167724678077,Corey Kispert
219,219,220.0,Day'Ron Sharpe,23.1,BKN,C,1928.885261431153,Day'Ron Sharpe
220,220,221.0,Jaylon Tyson,22.0,CLE,SG,1919.0983378993317,Jaylon Tyson
221,221,222.0,Karlo Matkovic,23.7,NO,PF,1909.3555992742984,Karlo Matkovic
222,222,223.0,Caleb Martin,29.2,PHI,"SG,SF",1899.6566483863407,Caleb Martin
223,223,224.0,Malcolm Brogdon,32.0,WAS,"PG,SG",1890.0010933969131,Malcolm Brogdon
224,224,225.0,Daniel Theis,32.6,NO,C,1880.3885477036565,Daniel Theis
225,225,226.0,GG Jackson II,19.9,MEM,"SF,PF",1870.818629847516,GG Jackson
226,226,227.0,Brandon Clarke,28.2,MEM,"PF,C",1861.290963421905,Brandon Clarke
227,227,228.0,Julian Champagnie,23.4,SA,"SF,PF",1851.805176983877,Julian Champagnie
228,228,229.0,Kevin Porter Jr.,24.6,LAC,PG,1842.3609039672228,Kevin Porter
229,229,230.0,Kelly Oubre Jr.,29.0,PHI,"SG,SF",1832.9577825974864,Kelly Oubre
230,230,231.0,Obi Toppin,26.7,IND,PF,1823.595455808796,Obi Toppin
231,231,232.0,Jay Huff,27.3,MEM,C,1814.2735711625137,Jay Huff
232,232,233.0,Andre Jackson Jr.,23.0,MIL,"SG,SF",1804.9917807676304,Andre Jackson
233,233,234.0,James Wiseman,23.7,IND,C,1795.749741202846,James Wiseman
234,234,235.0,Leonard Miller,21.0,MIN,PF,1786.5471134403524,Leonard Miller
235,235,236.0,Sam Hauser,27.0,BOS,"SF,PF",1777.3835627711742,Sam Hauser
236,236,237.0,Marvin Bagley III,25.7,WAS,"PF,C",1768.2587587321595,Marvin Bagley
237,237,238.0,Nickeil Alexander-Walker,26.2,MIN,"SG,SF",1759.172375034439,Nickeil Alexander-Walker
238,238,239.0,Max Strus,28.7,CLE,"SG,SF",1750.1240894934365,Max Strus
239,239,240.0,Tyler Smith,20.1,MIL,PF,1741.113583960314,Tyler Smith
240,240,241.0,Jonathan Mogbo,23.1,TOR,PF,1732.1405442548476,Jonathan Mogbo
241,241,242.0,Brice Sensabaugh,21.1,UTA,"SF,PF",1723.2046600996928,Brice Sensabaugh
242,242,243.0,Malaki Branham,21.5,SA,"PG,SG",1714.3056250560203,Malaki Branham
243,243,244.0,Marcus Sasser,24.2,DET,PG,1705.4431364604334,Marcus Sasser
244,244,245.0,Kobe Bufkin,21.2,ATL,"PG,SG",1696.6168953632332,Kobe Bufkin
245,245,246.0,Paul Reed,25.5,DET,"PF,C",1687.8266064678864,Paul Reed
246,246,247.0,Isaiah Jackson,22.9,IND,"PF,C",1679.0719780717482,Isaiah Jackson
247,247,248.0,Terance Mann,28.1,LAC,"SG,SF",1670.3527220079925,Terance Mann
248,248,249.0,Zach Collins,27.0,SA,"PF,C",1661.6685535886809,Zach Collins
249,249,250.0,Matisse Thybulle,27.7,POR,"SG,SF",1653.019191548996,Matisse Thybulle
250,250,251.0,Jordan Clarkson,32.5,UTA,"SG,SF",1644.4043579925783,Jordan Clarkson
251,251,252.0,Klay Thompson,34.8,DAL,"SG,SF",1635.8237783379554,Klay Thompson
252,252,253.0,Dillon Brooks,28.8,HOU,"SG,SF",1627.277181266027,Dillon Brooks
253,253,254.0,Jake LaRavia,23.1,MEM,"SF,PF",1618.7642986685823,Jake LaRavia
254,254,255.0,Jarred Vanderbilt,25.7,LAL,PF,1610.2848655978432,Jarred Vanderbilt
255,255,256.0,Lonzo Ball,27.1,CHI,PG,1601.8386202169731,Lonzo Ball
256,256,257.0,Ziaire Williams,23.2,BKN,"SG,SF",1593.4253037515757,Ziaire Williams
257,257,258.0,Ja'Kobe Walter,20.2,TOR,SG,1585.0446604421213,Ja'Kobe Walter
258,258,259.0,Pacome Dadiet,19.3,NY,SF,1576.6964374972797,Pacome Dadiet
259,259,260.0,Baylor Scheierman,24.2,BOS,SG,1568.3803850481854,Baylor Scheierman
260,260,261.0,AJ Johnson,22.0,MIL,SG,1560.0962561035558,AJ Johnson
261,261,262.0,T.J. McConnell,32.7,IND,PG,1551.8438065056744,T.J. McConnell
262,262,263.0,Ben Sheppard,23.4,IND,"SG,SF",1543.6227948872074,Ben Sheppard
263,263,264.0,Jabari Walker,22.3,POR,"SF,PF",1535.4329826288558,Jabari Walker
264,264,265.0,Jose Alvarado,26.6,NO,PG,1527.274133817784,Jose Alvarado
265,265,266.0,Goga Bitadze,25.4,ORL,C,1519.1460152068576,Goga Bitadze
266,266,267.0,Saddiq Bey,25.6,WAS,"SF,PF",1511.0483961746213,Saddiq Bey
267,267,268.0,Kris Murray,24.3,POR,"SF,PF",1502.9810486860442,Kris Murray
268,268,269.0,Russell Westbrook,36.0,DEN,PG,1494.9437472539794,Russell Westbrook
269,269,270.0,Bobby Portis,29.8,MIL,"PF,C",1486.936268901356,Bobby Portis
270,270,271.0,AJ Griffin,21.3,HOU,"SF,PF",1478.9583931240632,AJ Griffin
271,271,272.0,Luguentz Dort,25.6,OKC,"SG,SF",1471.0099018544988,Luguentz Dort
272,272,273.0,Jaden Hardy,22.4,DAL,"PG,SG",1463.090579425827,Jaden Hardy
273,273,274.0,MarJon Beauchamp,24.1,MIL,"SG,SF",1455.2002125368472,MarJon Beauchamp
274,274,275.0,Andre Drummond,31.3,PHI,C,1447.338590217534,Andre Drummond
275,275,276.0,Brandon Boston Jr,23.0,NO,"SG,SF",1439.505503795188,Brandon Boston
276,276,277.0,Neemias Queta,25.4,BOS,C,1431.7007468611937,Neemias Queta
277,277,278.0,Kelly Olynyk,33.6,TOR,C,1423.9241152383947,Kelly Olynyk
278,278,279.0,Chris Paul,39.6,SA,PG,1416.1754069490362,Chris Paul
279,279,280.0,Grant Williams,26.0,CHA,"PF,C",1408.4544221832948,Grant Williams
280,280,281.0,Kyle Anderson,31.2,GS,"SF,PF",1400.760963268356,Kyle Anderson
281,281,282.0,Ulrich Chomche,18.9,TOR,PF,1393.094834638052,Ulrich Chomche
282,282,283.0,Adem Bona,21.7,PHI,C,1385.4558428030375,Adem Bona
283,283,284.0,Eric Gordon,35.9,PHI,"SG,SF",1377.8437963214749,Eric Gordon
284,284,285.0,Tim Hardaway Jr.,32.7,DET,"SG,SF",1370.258505770258,Tim Hardaway
285,285,286.0,Moritz Wagner,27.6,ORL,C,1362.6997837167255,Moritz Wagner
286,286,287.0,Markelle Fultz,26.5,FA,"PG,SG",1355.1674446908655,Markelle Fultz
287,287,288.0,Luke Kornet,29.4,BOS,C,1347.6613051580152,Luke Kornet
288,288,290.0,Dariq Whitehead,20.3,BKN,"SG,SF",1332.7268999488952,Dariq Whitehead
289,289,291.0,Malik Beasley,28.0,DET,SG,1325.2982766408404,Malik Beasley
290,290,292.0,Tyler Kolek,23.7,NY,PG,1317.8951375108463,Tyler Kolek
291,291,293.0,Xavier Tillman Sr.,25.9,BOS,"PF,C",1310.517308307606,Xavier Tillman
292,292,294.0,Ajay Mitchell,22.4,OKC,PG,1303.1646165609363,Ajay Mitchell
293,293,295.0,KJ Simpson,22.3,CHA,PG,1295.8368915575556,KJ Simpson
294,294,296.0,Bol Bol,25.0,PHO,"PF,C",1288.5339643173393,Bol Bol
295,295,297.0,Larry Nance Jr.,31.9,ATL,C,1281.255667569898,Larry Nance
296,296,298.0,Dario Saric,30.6,DEN,"PF,C",1274.0018357316203,Dario Saric
297,297,299.0,Juan Nunez,20.5,SA,PG,1266.7723048830576,Juan Nunez
298,298,300.0,Bones Hyland,24.2,LAC,"PG,SG",1259.5669127466954,Bones Hyland
299,299,301.0,Jamal Shead,22.3,TOR,PG,1252.3854986651004,Jamal Shead
300,300,302.0,Harrison Barnes,32.5,SA,"SF,PF",1245.2279035794254,Harrison Barnes
301,301,303.0,Talen Horton-Tucker,24.0,CHI,"PG,SG",1238.093970008278,Talen Horton-Tucker
302,302,304.0,Jett Howard,21.2,ORL,SF,1230.9835420269171,Jett Howard
303,303,305.0,Kevon Looney,28.8,GS,"PF,C",1223.8964652468148,Kevon Looney
304,304,306.0,Craig Porter Jr.,24.8,CLE,"PG,SG",1216.8325867955427,Craig Porter
305,305,308.0,Dante Exum,29.4,DAL,"PG,SG",1202.773820851835,Dante Exum
306,306,309.0,Quentin Grimes,24.6,DAL,"SG,SF",1195.7786350185415,Quentin Grimes
307,307,310.0,Terrence Shannon Jr.,24.3,MIN,SG,1188.8060507943735,Terrence Shannon
308,308,311.0,Nick Smith Jr.,20.6,CHA,"PG,SG",1181.8559225969293,Nick Smith
309,309,312.0,Cam Christie,19.3,LAC,SG,1174.9281062458867,Cam Christie
310,310,313.0,Kentavious Caldwell-Pope,31.8,ORL,"SG,SF",1168.0224589450645,Kentavious Caldwell-Pope
311,311,314.0,Santi Aldama,23.9,MEM,"PF,C",1161.1388392647514,Santi Aldama
312,312,315.0,Mike Conley,37.1,MIN,PG,1154.277107124337,Mike Conley
313,313,316.0,Spencer Dinwiddie,31.6,DAL,"PG,SG",1147.4371237751984,Spencer Dinwiddie
314,314,317.0,Mo Bamba,26.5,LAC,C,1140.6187517838753,Mo Bamba
315,315,318.0,Gary Payton II,32.0,GS,"SG,SF",1133.8218550154852,Gary Payton
316,316,319.0,Dalano Banton,25.1,POR,"SG,SF",1127.0462986174352,Dalano Banton
317,317,320.0,Trey Alexander,22.6,DEN,SG,1120.2919490033546,Trey Alexander
318,318,321.0,Richaun Holmes,31.1,WAS,C,1113.5586738372913,Richaun Holmes
319,319,322.0,Royce O'Neale,31.5,PHO,"SF,PF",1106.846342018167,Royce O'Neale
320,320,323.0,Ousmane Dieng,21.5,OKC,"SF,PF",1100.1548236644448,Ousmane Dieng
321,321,324.0,Caleb Houstan,21.9,ORL,"SG,SF",1093.4839900990592,Caleb Houstan
322,322,325.0,Drew Eubanks,27.8,UTA,C,1086.8337138345669,Drew Eubanks
323,323,326.0,Josh Richardson,31.2,MIA,"PG,SG",1080.2038685585285,Josh Richardson
324,324,327.0,Cody Martin,29.2,CHA,"SG,SF",1073.5943291191145,Cody Martin
325,325,328.0,Dillon Jones,23.1,OKC,SF,1067.0049715109235,Dillon Jones
326,326,329.0,Killian Hayes,23.3,BKN,"PG,SG",1060.4356728610328,Killian Hayes
327,327,330.0,Bojan Bogdanovic,35.6,BKN,"SF,PF",1053.8863114152373,Bojan Bogdanovic
328,328,331.0,Josh Okogie,26.2,PHO,"SG,SF",1047.356766524521,Josh Okogie
329,329,332.0,Aleksandar Vezenkov,29.3,FA,"SF,PF",1040.8469186317195,Aleksandar Vezenkov
330,330,333.0,Jalen McDaniels,26.8,SAC,"SF,PF",1034.3566492583814,Jalen McDaniels
331,331,334.0,Josh Minott,22.0,MIN,"SF,PF",1027.8858409918305,Josh Minott
332,332,335.0,Emoni Bates,20.8,CLE,"SG,SF",1021.4343774724256,Emoni Bates
333,333,336.0,Duop Reath,28.4,POR,C,1015.0021433809944,Duop Reath
334,334,337.0,Christian Wood,29.2,LAL,"PF,C",1008.5890244264848,Christian Wood
335,335,338.0,Trey Jemison,25.0,NO,C,1002.1949073337564,Trey Jemison
336,336,339.0,Vasilije Micic,30.9,CHA,"PG,SG",995.8196798315984,Vasilije Micic
337,337,340.0,Jalen Hood-Schifino,21.4,LAL,"PG,SG",989.4632306408804,Jalen Hood-Schifino
338,338,341.0,Pat Connaughton,31.9,MIL,"SG,SF",983.1254494629138,Pat Connaughton
339,339,342.0,Ochai Agbaji,24.6,TOR,"SG,SF",976.8062269679612,Ochai Agbaji
340,340,343.0,Jaylin Williams,22.4,OKC,"PF,C",970.5054547839154,Jaylin Williams
341,341,344.0,John Konchar,28.7,MEM,"SG,SF",964.2230254851602,John Konchar
342,342,345.0,Vít Krejcí,24.4,ATL,"SG,SF",957.9588325815675,Vit Krejci
343,343,346.0,Steven Adams,31.4,HOU,C,951.71277050768,Steven Adams
344,344,347.0,Luke Kennard,28.4,MEM,SG,945.484734612024,Luke Kennard
345,345,348.0,Dorian Finney-Smith,31.6,BKN,"SF,PF,C",939.2746211465948,Dorian Finney-Smith
346,346,349.0,Seth Curry,34.3,CHA,SG,933.0823272564884,Seth Curry
347,347,350.0,Gabe Vincent,28.5,LAL,"PG,SG",926.9077509696764,Gabe Vincent
348,348,351.0,Kevin McCullar Jr.,23.7,NY,SF,920.7507911869308,Kevin McCullar
349,349,352.0,Cam Spencer,24.6,MEM,SG,914.6113476718948,Cam Spencer
350,350,353.0,Olivier-Maxence Prosper,22.4,DAL,PF,908.4893210412883,Olivier-Maxence Prosper
351,351,354.0,Enrique Freeman,24.3,IND,PF,902.3846127552588,Enrique Freeman
352,352,355.0,Ömer Yurtseven,26.4,FA,C,896.2971251078561,Omer Yurtseven
353,353,356.0,Tristan Vukcevic,21.7,WAS,C,890.2267612176602,Tristan Vukcevic
354,354,357.0,Jalen Slawson,25.1,ORL,SF,884.1734250185236,Jalen Slawson
355,355,358.0,Oso Ighodaro,22.4,PHO,C,878.1370212504444,Oso Ighodaro
356,356,359.0,Tristen Newton,23.6,IND,PG,872.1174554505869,Tristen Newton
357,357,360.0,Naji Marshall,26.8,DAL,"SG,SF",866.1146339443967,Naji Marshall
358,358,361.0,Delon Wright,32.6,MIL,"PG,SG",860.1284638368634,Delon Wright
359,359,362.0,Blake Wesley,21.7,SA,"PG,SG",854.1588530038844,Blake Wesley
360,360,363.0,Isaiah Livers,26.3,FA,"SF,PF",848.2057100837774,Isaiah Livers
361,361,364.0,Jaden Springer,22.2,BOS,SG,842.2689444688658,Jaden Springer
362,362,365.0,Jalen Bridges,23.5,PHO,SF,836.3484662972278,Jalen Bridges
363,363,366.0,Bronny James,20.1,LAL,SG,830.444186444518,Bronny James
364,364,367.0,Kenyon Martin Jr.,23.9,PHI,"SF,PF",824.5560165159222,Kenyon Martin
365,365,368.0,Simone Fontecchio,29.0,DET,"SF,PF",818.6838688382268,Simone Fontecchio
366,366,369.0,Keshad Johnson,23.4,MIA,PF,812.8276564519674,Keshad Johnson
367,367,370.0,Jae'Sean Tate,29.1,HOU,"SF,PF",806.9872931037207,Jae'Sean Tate
368,368,371.0,Kris Dunn,30.7,LAC,"PG,SG",801.1626932384643,Kris Dunn
369,369,372.0,Jeremiah Robinson-Earl,24.1,NO,"PF,C",795.353771992075,Jeremiah Robinson-Earl
370,370,373.0,Sam Merrill,28.5,CLE,SG,789.5604451838954,Sam Merrill
371,371,374.0,Johnny Davis,22.7,WAS,"SG,SF",783.7826293094204,Johnny Davis
372,372,375.0,David Jones,23.0,PHI,SF,778.0202415330768,David Jones
373,373,376.0,Quinten Post,24.7,GS,C,772.2731996810908,Quinten Post
374,374,377.0,Jesse Edwards,24.7,MIN,C,766.5414222344662,Jesse Edwards
375,375,379.0,Charles Bassey,24.1,SA,C,755.1233377136305,Charles Bassey
376,376,380.0,Bruno Fernando,26.3,TOR,C,749.4368708132988,Bruno Fernando
377,377,381.0,Haywood Highsmith,28.0,MIA,"SF,PF",743.7653486526633,Haywood Highsmith
378,378,382.0,Aaron Wiggins,25.9,OKC,"SG,SF",738.1086928843342,Aaron Wiggins
379,379,383.0,Reggie Jackson,34.6,PHI,"PG,SG",732.4668257754056,Reggie Jackson
380,380,384.0,Chris Duarte,27.5,CHI,SG,726.8396702010541,Chris Duarte
381,381,385.0,Aleksej Pokuševski,22.9,FA,"PF,C",721.2271496382145,Aleksej Pokusevski
382,382,387.0,Jaxson Hayes,24.5,LAL,"PF,C",710.0457104262023,Jaxson Hayes
383,383,388.0,Monte Morris,29.4,PHO,"PG,SG",704.4766416838811,Monte Morris
384,384,389.0,Lonnie Walker IV,26.0,BOS,"SG,SF",698.9219077546877,Lonnie Walker IV
385,385,390.0,Cam Reddish,25.2,LAL,"SG,SF",693.3814350322682,Cam Reddish
386,386,391.0,Jericho Sims,26.1,NY,C,687.8551504757543,Jericho Sims
387,387,392.0,Cameron Payne,30.3,NY,"PG,SG",682.3429816039752,Cameron Payne
388,388,393.0,Shake Milton,28.2,BKN,"PG,SG",676.8448564897571,Shake Milton
389,389,394.0,James Nnaji,20.3,FA,C,671.3607037542915,James Nnaji
390,390,395.0,Kobe Brown,24.9,LAC,PF,665.8904525615799,Kobe Brown
391,391,396.0,Derrick Jones Jr.,27.8,LAC,"SF,PF",660.4340326129368,Derrick Jones
392,392,397.0,Al Horford,38.5,BOS,"PF,C",654.9913741415694,Al Horford
393,393,398.0,Alec Burks,33.4,MIA,"SG,SF",649.562407907235,Alec Burks
394,394,399.0,Justin Champagnie,23.4,WAS,"SG,SF",644.1470651909385,Justin Champagnie
395,395,400.0,Luka Garza,25.9,MIN,C,638.7452777897361,Luka Garza
396,396,401.0,Trendon Watford,24.0,BKN,"PF,C",633.356978011554,Trendon Watford
397,397,402.0,Dean Wade,28.0,CLE,"SF,PF",627.9820986701252,Dean Wade
398,398,403.0,Malachi Flynn,26.6,SA,PG,622.6205730799466,Malachi Flynn
399,399,404.0,James Bouknight,24.2,FA,SG,617.2723350513152,James Bouknight
400,400,405.0,Kai Jones,23.9,LAC,C,611.9373188854406,Kai Jones
401,401,406.0,AJ Green,25.2,MIL,"PG,SG",606.6154593695755,AJ Green
402,402,407.0,Jevon Carter,29.2,CHI,"PG,SG",601.3066917722608,Jevon Carter
403,403,408.0,JT Thor,22.3,CLE,PF,596.0109518385816,JT Thor
404,404,409.0,Christian Koloko,24.4,LAL,C,590.7281757855126,Christian Koloko
405,405,410.0,Colby Jones,22.5,SAC,SG,585.458300297305,Colby Jones
406,406,411.0,Sidy Cissoko,20.7,SA,"SF,PF",580.20126252093,Sidy Cissoko
407,407,412.0,Nassir Little,24.8,MIA,"SF,PF",574.9570000615804,Nassir Little
408,408,413.0,Kobi Simmons,27.4,FA,PG,569.7254509782379,Kobi Simmons
409,409,414.0,Joshua Primo,21.9,FA,SG,564.5065537792707,Joshua Primo
410,410,415.0,Dalen Terry,22.4,CHI,"SG,SF",559.3002474181012,Dalen Terry
411,411,416.0,Mason Plumlee,34.7,PHO,C,554.1064712889256,Mason Plumlee
412,412,417.0,Jalen Pickett,25.1,DEN,"PG,SG",548.9251652224757,Jalen Pickett
413,413,418.0,Rayan Rupert,20.5,POR,"SG,SF",543.7562694818389,Rayan Rupert
414,414,419.0,Maxi Kleber,32.8,DAL,"PF,C",538.5997247583236,Maxi Kleber
415,415,420.0,David Roddy,23.7,ATL,"SF,PF",533.4554721673758,David Roddy
416,416,421.0,Jock Landale,29.1,HOU,C,528.3234532445531,Jock Landale
417,417,422.0,Trey Lyles,29.1,SAC,"PF,C",523.2036099415218,Trey Lyles
418,418,423.0,Kyle Lowry,38.7,PHI,PG,518.0958846221365,Kyle Lowry
419,419,424.0,Taurean Prince,30.7,MIL,"SG,SF",513.0002200585241,Taurean Prince
420,420,425.0,Robert Covington,34.0,FA,"SF,PF",507.91655942726175,Robert Covington
421,421,426.0,Kira Lewis Jr,23.6,FA,"PG,SG",502.8448463055556,Kira Lewis
422,422,427.0,Ricky Council IV,23.3,PHI,"SG,SF",497.7850246674952,Ricky Council IV
423,423,428.0,Bismack Biyombo,32.2,FA,C,492.737038880332,Bismack Biyombo
424,424,429.0,Chimezie Metu,27.7,FA,"PF,C",487.7008337008083,Chimezie Metu
425,425,430.0,Gary Harris,30.2,ORL,"PG,SG",482.6763542715416,Gary Harris
426,426,431.0,Orlando Robinson,24.4,SAC,C,477.6635461174265,Orlando Robinson
427,427,432.0,Kenneth Lofton Jr.,22.3,CHI,"PF,C",472.6623551420962,Kenneth Lofton
428,428,433.0,Usman Garuba,23.7,FA,"PF,C",467.67272762442553,Usman Garuba
429,429,434.0,Jordan Walsh,20.7,BOS,"SG,SF",462.6946102150541,Jordan Walsh
430,430,435.0,Keita Bates-Diop,28.8,NY,"SF,PF",457.7279499329761,Keita Bates-Diop
431,431,436.0,Saben Lee,25.4,FA,PG,452.77269416215495,Saben Lee
432,432,437.0,Thomas Bryant,27.3,MIA,C,447.828790648171,Thomas Bryant
433,433,438.0,Patrick Baldwin Jr.,22.0,WAS,PF,442.8961874949273,Patrick Baldwin
434,434,439.0,Admiral Schofield,27.7,FA,"SF,PF",437.9748331613737,Admiral Schofield
435,435,440.0,Dennis Smith Jr.,27.0,FA,"PG,SG",433.06467645827615,Dennis Smith
436,436,441.0,Hamidou Diallo,26.3,FA,SG,428.1656665450173,Hamidou Diallo
437,437,442.0,Cedi Osman,29.6,FA,"SF,PF",423.2777529264531,Cedi Osman
438,438,443.0,Jordan McLaughlin,28.6,SAC,"PG,SG",418.4008854497715,Jordan McLaughlin
439,439,444.0,Chris Boucher,31.9,TOR,"PF,C",413.5350143014202,Chris Boucher
440,440,445.0,Nicolas Batum,36.0,LAC,"SF,PF",408.6800900040416,Nicolas Batum
441,441,446.0,Wesley Matthews,38.1,FA,SG,403.8360634134624,Wesley Matthews
442,442,447.0,Oshae Brissett,26.4,FA,"SF,PF",399.0028857157031,Oshae Brissett
443,443,448.0,Ishmail Wainright,30.2,FA,"SF,PF",394.180508424035,Ishmail Wainright
444,444,449.0,TyTy Washington Jr.,23.0,PHO,PG,389.3688833760461,TyTy Washington
445,445,450.0,Taj Gibson,39.4,CHA,"PF,C",384.56796273077816,Taj Gibson
446,446,451.0,Victor Oladipo,32.6,FA,"PG,SG",379.77769896584505,Victor Oladipo
447,447,452.0,Kevin Knox II,25.3,GS,"SF,PF",374.9980448746373,Kevin Knox
448,448,453.0,Danilo Gallinari,36.3,FA,SF,370.2289535635082,Danilo Gallinari
449,449,454.0,Torrey Craig,33.9,CHI,"SF,PF",365.4703784490266,Torrey Craig
450,450,455.0,JD Davison,22.2,BOS,"PG,SG",360.7222732552473,JD Davison
451,451,456.0,A.J. Lawson,24.4,DAL,"SG,SF",355.9845920109983,A.J. Lawson
452,452,457.0,Kevon Harris,27.4,ATL,SG,351.25728904722746,Kevon Harris
453,453,458.0,Braxton Key,27.8,FA,"SF,PF",346.5403189943445,Braxton Key
454,454,459.0,Jordan Nwora,26.2,FA,"SF,PF",341.8336367796237,Jordan Nwora
455,455,460.0,Terry Taylor,25.2,SAC,PF,337.13719762460823,Terry Taylor
456,456,461.0,Isaiah Roby,26.8,FA,"PF,C",332.4509570425562,Isaiah Roby
457,457,462.0,Yuta Watanabe,30.1,FA,"SF,PF",327.7748708359177,Yuta Watanabe
458,458,463.0,Davis Bertans,32.0,FA,"PF,C",323.1088950938265,Davis Bertans
459,459,464.0,Danuel House Jr.,31.5,FA,SF,318.45298618963534,Danuel House
460,460,465.0,Damion Lee,32.1,PHO,"SG,SF",313.8071007784565,Damion Lee
461,461,466.0,Devonte' Graham,29.8,POR,"PG,SG",309.17119579475,Devonte' Graham
462,462,467.0,Josh Christopher,23.0,MIA,"PG,SG",304.54522844992425,Josh Christopher
463,463,468.0,Joe Harris,33.2,FA,"SG,SF",299.9291562299677,Joe Harris
464,464,469.0,Amir Coffey,27.4,LAC,"SF,PF",295.3229368931061,Amir Coffey
465,465,470.0,Kevin Love,36.2,MIA,"PF,C",290.72652846747224,Kevin Love
466,466,471.0,Dwight Powell,33.4,DAL,C,286.1398892488341,Dwight Powell
467,467,472.0,Chuma Okeke,26.3,NY,"SF,PF",281.56297779829765,Chuma Okeke
468,468,473.0,Darius Bazley,24.5,FA,PF,276.99575294008173,Darius Bazley
469,469,474.0,Anthony Gill,32.1,WAS,"PF,C",272.4381737592812,Anthony Gill
470,470,475.0,Ryan Rollins,22.4,MIL,PG,267.8901995996803,Ryan Rollins
471,471,476.0,Kessler Edwards,24.3,DAL,"SF,PF",263.3517900615607,Kessler Edwards
472,472,477.0,Olivier Sarr,25.8,FA,C,258.82290499956616,Olivier Sarr
473,473,478.0,Thanasis Antetokounmpo,32.4,FA,SF,254.3035045205579,Thanasis Antetokounmpo
474,474,479.0,Isaiah Mobley,25.2,FA,"SF,PF",249.7935489815154,Isaiah Mobley
475,475,480.0,Micah Potter,26.6,UTA,"PF,C",245.2929989874356,Micah Potter
476,476,481.0,Marcus Morris Sr.,35.2,NY,"PF,C",240.80181538929173,Marcus Morris
477,477,482.0,Zeke Nnaji,23.9,DEN,"PF,C",236.3199592819692,Zeke Nnaji
478,478,483.0,Nerlens Noel,30.6,FA,C,231.84739200224976,Nerlens Noel
479,479,484.0,Kenrich Williams,30.0,OKC,PF,227.3840751268144,Kenrich Williams
480,480,485.0,Dominick Barlow,21.5,ATL,"PF,C",222.92997047026256,Dominick Barlow
481,481,486.0,Landry Shamet,27.7,NY,"PG,SG",218.4850400831401,Landry Shamet
482,482,487.0,Troy Brown Jr.,25.3,FA,"SF,PF",214.0492462500188,Troy Brown
483,483,488.0,Evan Fournier,32.1,FA,"SG,SF",209.62255148755503,Evan Fournier
484,484,489.0,Garrison Mathews,28.1,ATL,"SG,SF",205.20491854261127,Garrison Mathews
485,485,490.0,Georges Niang,31.4,CLE,"SF,PF",200.79631039035667,Georges Niang
486,486,491.0,Damian Jones,29.4,FA,C,196.39669023241004,Damian Jones
487,487,492.0,Hunter Tyson,24.5,DEN,"SF,PF",192.0060214950081,Hunter Tyson
488,488,493.0,Khem Birch,32.2,FA,C,187.62426782716284,Khem Birch
489,489,494.0,Keon Johnson,22.7,BKN,"PG,SG",183.2513930988698,Keon Johnson
490,490,495.0,Juan Toscano-Anderson,31.6,FA,SF,178.88736139931825,Juan Toscano-Anderson
491,491,496.0,P.J. Tucker,39.6,LAC,SF,174.53213703511392,P.J. Tucker
492,492,497.0,Furkan Korkmaz,27.3,FA,"SG,SF",170.1856845285365,Furkan Korkmaz
493,493,499.0,Duane Washington Jr.,24.7,FA,SG,161.51895424534268,Duane Washington
494,494,500.0,Bryce McGowens,22.1,POR,"SG,SF",157.19860657611753,Bryce McGowens
495,495,501.0,Doug McDermott,32.9,SAC,"SG,SF",152.88689097591305,Doug McDermott
496,496,502.0,R.J. Hampton,23.8,FA,"PG,SG",148.58377301969995,R.J. Hampton
497,497,503.0,Ibou Badji,22.1,MIL,C,144.289218487962,Ibou Badji
498,498,504.0,Patty Mills,36.3,UTA,"PG,SG",140.0031933650771,Patty Mills
499,499,505.0,Otto Porter Jr.,31.5,FA,"SG,SF",135.72566383769663,Otto Porter
500,500,506.0,Montrezl Harrell,30.8,FA,C,131.45659629314832,Montrezl Harrell
501,501,507.0,JaVale McGee,36.9,FA,C,127.1959573178392,JaVale McGee
502,502,508.0,Theo Maledon,23.5,FA,PG,122.943713695704,Theo Maledon
503,503,509.0,Isaiah Todd,23.1,FA,"PF,C",118.69983240663714,Isaiah Todd
504,504,510.0,Derrick Rose,36.1,MEM,PG,114.46428062496308,Derrick Rose
505,505,511.0,Udoka Azubuike,25.2,FA,C,110.23702571790818,Udoka Azubuike
506,506,512.0,Reggie Bullock,33.7,FA,"SF,PF",106.0180352440948,Reggie Bullock
507,507,513.0,Vlatko Cancar,27.6,DEN,PF,101.80727695204224,Vlatko Cancar
508,508,527.0,Jaylen Clark,23.1,MIN,SG,43.70341867264142,Jaylen Clark
509,509,541.0,Justin Edwards,21.0,PHI,SF,0.0,Justin Edwards
510,510,542.0,Pelle Larsson,23.8,MIA,SG,0.0,Pelle Larsson
511,511,543.0,Antonio Reeves,24.0,NO,SG,0.0,Antonio Reeves
512,512,544.0,Harrison Ingram,22.0,SA,SF,0.0,Harrison Ingram
513,513,545.0,Melvin Ajinca,20.4,DAL,SF,0.0,Melvin Ajinca
514,514,547.0,Ariel Hukporti,22.6,NY,C,0.0,Ariel Hukporti
515,515,548.0,PJ Hall,22.8,DEN,C,0.0,PJ Hall
516,516,549.0,N'Faly Dante,23.1,HOU,C,0.0,N'Faly Dante
517,517,552.0,Reece Beekman,23.1,GS,PG,0.0,Reece Beekman
518,518,554.0,Isaac Jones,24.4,SAC,C,0.0,Isaac Jones
519,519,590.0,Thaddeus Young,36.4,FA,"PF,C",0.0,Thaddeus Young
520,520,592.0,Mike Muscala,33.4,FA,"PF,C",0.0,Mike Muscala
521,521,593.0,Dylan Windler,28.2,FA,SF,0.0,Dylan Windler
522,522,594.0,Jared Butler,24.3,WAS,"PG,SG",0.0,Jared Butler
523,523,595.0,Moses Brown,25.1,FA,C,0.0,Moses Brown
524,524,596.0,Jae Crowder,34.4,FA,"SF,PF",0.0,Jae Crowder
525,525,597.0,Danny Green,37.4,FA,SG,0.0,Danny Green
526,526,598.0,Frank Ntilikina,26.3,FA,PG,0.0,Frank Ntilikina
527,527,599.0,Cody Zeller,32.1,ATL,C,0.0,Cody Zeller
528,528,600.0,Ty Jerome,27.4,CLE,"PG,SG",0.0,Ty Jerome
529,529,601.0,Cory Joseph,33.3,ORL,PG,0.0,Cory Joseph
530,530,602.0,Aaron Holiday,28.2,HOU,"PG,SG",0.0,Aaron Holiday
531,531,603.0,Wenyen Gabriel,27.7,FA,"PF,C",0.0,Wenyen Gabriel
532,532,604.0,Svi Mykhailiuk,27.5,UTA,"SG,SF",0.0,Svi Mykhailiuk
533,533,605.0,Justin Holiday,35.6,FA,"SG,SF",0.0,Justin Holiday
534,534,606.0,Robin Lopez,36.7,FA,C,0.0,Robin Lopez
535,535,607.0,Joe Ingles,37.2,MIN,"SG,SF",0.0,Joe Ingles
536,536,608.0,Jeff Green,38.3,HOU,"PF,C",0.0,Jeff Green
537,537,609.0,Alex Len,31.4,SAC,C,0.0,Alex Len
538,538,610.0,Garrett Temple,38.6,TOR,SG,0.0,Garrett Temple
539,539,611.0,Nate Hinton,25.5,HOU,"SG,SF",0.0,Nate Hinton
540,540,612.0,Trevelin Queen,27.8,ORL,SG,0.0,Trevelin Queen
541,541,613.0,Mamadi Diakite,27.8,PHO,PF,0.0,Mamadi Diakite
542,542,614.0,Jason Preston,25.3,UTA,"PG,SG",0.0,Jason Preston
543,543,615.0,Sandro Mamukelashvili,25.5,SA,PF,0.0,Sandro Mamukelashvili
544,544,616.0,Dru Smith,26.9,MIA,"PG,SG",0.0,Dru Smith
545,545,617.0,Eugene Omoruyi,27.8,MIN,"SF,PF",0.0,Eugene Omoruyi
546,546,618.0,Daishen Nix,22.8,MIN,PG,0.0,Daishen Nix
547,547,619.0,Brandon Williams,25.0,DAL,PG,0.0,Brandon Williams
548,548,620.0,Lindy Waters III,27.3,GS,"SG,SF",0.0,Lindy Waters
549,549,621.0,Matt Ryan,27.6,NY,SF,0.0,Matt Ryan
550,550,622.0,EJ Liddell,23.9,CHI,PF,0.0,EJ Liddell
551,551,623.0,Wendell Moore Jr.,23.2,DET,"SG,SF",0.0,Wendell Moore
552,552,624.0,Kendall Brown,21.5,IND,"SG,SF",0.0,Kendall Brown
553,553,625.0,Gui Santos,22.4,GS,"SF,PF",0.0,Gui Santos
554,554,626.0,Collin Gillespie,25.4,PHO,PG,0.0,Collin Gillespie
555,555,627.0,Johnny Juzang,23.7,UTA,"SG,SF",0.0,Johnny Juzang
556,556,628.0,Buddy Boeheim,25.0,OKC,SF,0.0,Buddy Boeheim
557,557,629.0,Alondes Williams,25.4,DET,SG,0.0,Alondes Williams
558,558,630.0,Cole Swider,25.6,DET,PF,0.0,Cole Swider
559,559,631.0,Stanley Umude,25.6,MIL,SF,0.0,Stanley Umude
560,560,632.0,Jamal Cain,25.7,NO,"SF,PF",0.0,Jamal Cain
561,561,633.0,Jamaree Bouyea,25.4,SA,PG,0.0,Jamaree Bouyea
562,562,634.0,Nate Williams,25.8,HOU,"PG,SG",0.0,Nate Williams
563,563,635.0,Justin Minaya,25.7,POR,"SG,SF",0.0,Justin Minaya
564,564,636.0,Julian Phillips,21.1,CHI,"SF,PF",0.0,Julian Phillips
565,565,637.0,Mouhamed Gueye,22.1,ATL,"PF,C",0.0,Mouhamed Gueye
566,566,638.0,Maxwell Lewis,22.3,LAL,SF,0.0,Maxwell Lewis
567,567,639.0,Seth Lundy,24.7,ATL,SF,0.0,Seth Lundy
568,568,640.0,Jordan Miller,24.8,LAC,SF,0.0,Jordan Miller
569,569,641.0,Jalen Wilson,24.1,BKN,SF,0.0,Jalen Wilson
570,570,642.0,Chris Livingston,21.1,MIL,"SF,PF",0.0,Chris Livingston
571,571,643.0,Adama Sanogo,22.8,CHI,C,0.0,Adama Sanogo
572,572,644.0,Tristan Thompson,33.7,CLE,"PF,C",0.0,Tristan Thompson
573,573,646.0,James Johnson,37.8,IND,PF,0.0,James Johnson
574,574,648.0,DeAndre Jordan,36.4,DEN,C,0.0,DeAndre Jordan
