Rank,Name_x,Age,Team,Positions,Value,original_key,sport,number,active,depth_chart_position,birth_day,status,years_exp,depth_chart_order,height,weight,college,team,both,cleaned_name,id
0,Victor Wembanyama,20.9,SA,C,9998.08,2577,nba,1.0,True,C,2004-01-04,ACT,1,1.0,87,235,,SAS,True,Victor Wembanyama,5104157.0
1,Shai Gilgeous-Alexander,26.4,OKC,PG,9996.16,1957,nba,2.0,True,PG,1998-07-12,ACT,6,1.0,78,195,Kentucky,OKC,True,Shai Gilgeous-Alexander,4278073.0
2,Luka Doncic,25.7,DAL,"PG,SG",9994.24,1970,nba,77.0,True,PG,1999-02-28,ACT,6,1.0,79,230,,DAL,True,Luka Doncic,3945274.0
3,Nikola Jokic,29.8,DEN,C,9992.32,1658,nba,15.0,True,C,1995-02-19,ACT,9,1.0,83,284,,DEN,True,Nikola Jokic,3112335.0
4,Chet Holmgren,22.6,OKC,"PF,C",9990.4,2455,nba,7.0,True,PF,2002-05-01,ACT,1,8.0,85,213,Gonzaga,OKC,True,Chet Holmgren,4433255.0
5,Jayson Tatum,26.7,BOS,"SF,PF",9701.76318,1822,nba,0.0,True,PF,1998-03-03,ACT,7,1.0,80,224,Duke,BOS,True,Jayson Tatum,4065648.0
6,Tyrese Haliburton,24.7,IND,"PG,SG",9369.104018,2161,nba,0.0,True,PG,2000-02-29,ACT,4,1.0,77,190,Iowa State,IND,True,Tyrese Haliburton,4396993.0
7,Cade Cunningham,23.2,DET,"PG,SG",9080.941545,2267,nba,2.0,True,PG,2001-09-25,ACT,3,1.0,78,220,Oklahoma State,DET,True,Cade Cunningham,4432166.0
8,Trae Young,26.2,ATL,PG,8826.76423,1945,nba,11.0,True,PG,1998-09-19,ACT,6,1.0,73,164,Oklahoma,ATL,True,Trae Young,4277905.0
9,Scottie Barnes,23.3,TOR,"SG,SF,PF",8599.394874,2289,nba,4.0,True,PG,2001-08-01,ACT,3,1.0,79,237,Florida State,TOR,True,Scottie Barnes,4433134.0
10,Anthony Edwards,23.3,MIN,"SG,SF",8393.714273,2133,nba,5.0,True,SG,2001-08-05,ACT,4,1.0,76,230,Georgia,MIN,True,Anthony Edwards,4594268.0
11,Giannis Antetokounmpo,30.0,MIL,"PF,C",8205.942595,1380,nba,34.0,True,PF,1994-12-06,ACT,11,1.0,83,243,,MIL,True,Giannis Antetokounmpo,3032977.0
12,LaMelo Ball,23.3,CHA,"PG,SG",8033.209396,2179,nba,1.0,True,PG,2001-08-22,ACT,4,1.0,79,180,,CHA,True,LaMelo Ball,4432816.0
13,Devin Booker,28.1,PHO,"PG,SG",7873.283433,1648,nba,1.0,True,SG,1996-10-30,ACT,9,1.0,77,206,Kentucky,PHX,True,Devin Booker,3136193.0
14,Evan Mobley,23.4,CLE,"PF,C",7724.395924,2259,nba,4.0,True,PF,2001-06-18,ACT,3,1.0,83,215,USC,CLE,True,Evan Mobley,4432158.0
15,Alperen Sengün,22.3,HOU,C,7585.12096,2308,nba,28.0,True,C,2002-07-25,ACT,3,1.0,83,255,,HOU,True,Alperen Sengun,4871144.0
16,Jalen Williams,23.6,OKC,"SG,SF,PF,C",7454.292242,2453,nba,8.0,True,PF,2001-04-14,ACT,2,1.0,77,211,Santa Clara,OKC,True,Jalen Williams,4593803.0
17,Tyrese Maxey,24.1,PHI,"PG,SG",7330.943645,2126,nba,0.0,True,PG,2000-11-04,ACT,4,1.0,74,200,Kentucky,PHI,True,Tyrese Maxey,4431678.0
18,Donovan Mitchell,28.2,CLE,"PG,SG",7214.265882,1845,nba,45.0,True,SG,1996-09-07,ACT,7,1.0,75,215,Louisville,CLE,True,Donovan Mitchell,3908809.0
19,Jaren Jackson Jr.,25.2,MEM,"PF,C",7103.574289,1924,nba,13.0,True,PF,1999-09-15,ACT,6,1.0,82,242,Michigan State,MEM,True,Jaren Jackson,4277961.0
20,Anthony Davis,31.7,LAL,"PF,C",6998.284483,1272,nba,3.0,True,C,1993-03-11,ACT,12,1.0,82,268,Kentucky,LAL,True,Anthony Davis,6583.0
21,Paolo Banchero,22.0,ORL,"SF,PF",6897.893688,2458,nba,5.0,True,C,2002-11-12,ACT,2,5.0,82,250,Duke,ORL,True,Paolo Banchero,4432573.0
22,Jalen Johnson,22.9,ATL,PF,6801.966209,2284,nba,1.0,True,PF,2001-12-18,ACT,3,1.0,80,219,Duke,ATL,True,Jalen Johnson,4701230.0
23,Karl-Anthony Towns,29.0,NY,"PF,C",6710.12201,1613,nba,32.0,True,C,1995-11-15,ACT,9,1.0,84,248,Kentucky,NYK,True,Karl-Anthony Towns,3136195.0
24,Joel Embiid,30.7,PHI,C,6622.027618,1511,nba,21.0,True,C,1994-03-16,ACT,8,1.0,84,280,Kansas,PHI,True,Joel Embiid,3059318.0
25,Domantas Sabonis,28.6,SAC,C,6537.388811,1739,nba,11.0,True,C,1996-05-03,ACT,8,1.0,83,240,Gonzaga,SAC,True,Domantas Sabonis,3155942.0
26,De'Aaron Fox,26.9,SAC,PG,6455.944695,1872,nba,5.0,True,PG,1997-12-20,ACT,7,1.0,75,190,Kentucky,SAC,True,De'Aaron Fox,4066259.0
27,Darius Garland,24.8,CLE,PG,6377.462848,2007,nba,10.0,True,PG,2000-01-26,ACT,5,1.0,73,192,Vanderbilt,CLE,True,Darius Garland,4396907.0
28,Bam Adebayo,27.4,MIA,C,6301.735326,1846,nba,13.0,True,C,1997-07-18,ACT,7,1.0,81,255,Kentucky,MIA,True,Bam Adebayo,4066261.0
29,Franz Wagner,23.3,ORL,"SF,PF",6228.575339,2304,nba,22.0,True,SF,2001-08-27,ACT,3,1.0,82,220,Michigan,ORL,True,Franz Wagner,4566434.0
30,Lauri Markkanen,27.5,UTA,"SF,PF",6157.814477,1752,nba,23.0,True,SF,1997-05-22,ACT,7,1.0,84,240,Arizona,UTA,True,Lauri Markkanen,4066336.0
31,Ja Morant,25.3,MEM,PG,6089.300375,2040,nba,12.0,True,PG,1999-08-10,ACT,5,1.0,74,174,Murray State,MEM,True,Ja Morant,4279888.0
32,Jalen Brunson,28.2,NY,PG,6022.894738,1967,nba,11.0,True,PG,1996-08-31,ACT,6,1.0,74,206,Villanova,NYK,True,Jalen Brunson,3934672.0
33,Jamal Murray,27.8,DEN,"PG,SG",5958.471657,1747,nba,27.0,True,PG,1997-02-23,ACT,7,1.0,76,215,Kentucky,DEN,True,Jamal Murray,3936299.0
34,Desmond Bane,26.4,MEM,"SG,SF",5895.916177,2143,nba,22.0,True,SG,1998-06-25,ACT,4,1.0,77,215,TCU,MEM,True,Desmond Bane,4066320.0
35,Zion Williamson,24.4,NO,"PF,C",5835.12306,2054,nba,1.0,True,C,2000-07-06,ACT,4,7.0,78,284,Duke,NOP,True,Zion Williamson,4395628.0
36,Stephen Curry,36.7,GS,"PG,SG",5775.995719,1085,nba,30.0,True,PG,1988-03-14,ACT,15,1.0,75,200,Davidson,GSW,True,Stephen Curry,3975.0
37,Kyrie Irving,32.7,DAL,"PG,SG",5718.445297,1054,nba,11.0,True,SG,1992-03-23,ACT,13,1.0,74,191,Duke,DAL,True,Kyrie Irving,6442.0
38,Jaylen Brown,28.1,BOS,"SG,SF",5662.389861,1711,nba,7.0,True,SF,1996-10-24,ACT,8,1.0,78,237,California,BOS,True,Jaylen Brown,3917376.0
39,Brandon Miller,22.0,CHA,"SG,SF",5607.753704,2568,nba,24.0,True,SG,2002-11-22,ACT,1,1.0,79,200,Alabama,CHA,True,Brandon Miller,4433287.0
40,Dejounte Murray,28.2,NO,"PG,SG",5554.466726,1713,nba,5.0,True,PG,1996-09-19,ACT,7,1.0,77,180,Washington,NOP,True,Dejounte Murray,3907497.0
41,James Harden,35.3,LAC,"PG,SG",5502.463898,1240,nba,1.0,True,PG,1989-08-26,ACT,15,1.0,77,220,Arizona State,LAC,True,James Harden,3992.0
42,Myles Turner,28.7,IND,C,5451.68478,1595,nba,33.0,True,C,1996-03-24,ACT,9,1.0,83,250,Texas,IND,True,Myles Turner,3133628.0
43,Damian Lillard,34.4,MIL,PG,5402.073103,1444,nba,0.0,True,PG,1990-07-15,ACT,12,1.0,74,195,Weber State,MIL,True,Damian Lillard,6606.0
44,Immanuel Quickley,25.4,TOR,"PG,SG",5353.576389,2157,nba,5.0,True,PG,1999-06-17,ACT,4,6.0,74,190,Kentucky,TOR,True,Immanuel Quickley,4395724.0
45,Jordan Poole,25.4,WAS,"PG,SG",5306.145624,2012,nba,13.0,True,PG,1999-06-19,ACT,5,1.0,76,194,Michigan,WAS,True,Jordan Poole,4277956.0
46,Devin Vassell,24.3,SA,"SG,SF",5259.734955,2146,nba,24.0,True,SG,2000-08-23,ACT,4,1.0,77,205,Florida State,SAS,True,Devin Vassell,4395630.0
47,Amen Thompson,21.8,HOU,"SG,SF",5214.301425,2574,nba,1.0,True,SF,2003-01-30,ACT,1,2.0,79,215,,HOU,True,Amen Thompson,4684740.0
48,Nic Claxton,25.6,BKN,C,5169.804737,2032,nba,33.0,True,C,1999-04-17,ACT,5,1.0,83,215,Georgia,BKN,True,Nic Claxton,4278067.0
49,Paul George,34.6,PHI,"SG,SF,PF",5126.207033,1074,nba,8.0,True,SF,1990-05-02,ACT,14,1.0,80,220,Fresno State,PHI,True,Paul George,4251.0
50,Tyler Herro,24.9,MIA,"PG,SG",5083.472707,2086,nba,14.0,True,PG,2000-01-20,ACT,5,1.0,77,195,Kentucky,MIA,True,Tyler Herro,4395725.0
51,Fred VanVleet,30.8,HOU,PG,5041.568226,1717,nba,5.0,True,PG,1994-02-25,ACT,8,1.0,72,193,Wichita State,HOU,True,Fred VanVleet,2991230.0
52,Pascal Siakam,30.7,IND,"SF,PF",5000.461975,1716,nba,43.0,True,PF,1994-04-02,ACT,8,1.0,82,230,New Mexico State,IND,True,Pascal Siakam,3149673.0
53,Kevin Durant,36.2,PHO,"SF,PF",4960.12411,1433,nba,35.0,True,PF,1988-09-29,ACT,16,1.0,82,240,Texas,PHX,True,Kevin Durant,3202.0
54,Jarrett Allen,26.6,CLE,C,4920.526431,1787,nba,31.0,True,C,1998-04-21,ACT,7,1.0,81,243,Texas,CLE,True,Jarrett Allen,4066328.0
55,Mikal Bridges,28.2,NY,"SG,SF,PF",4881.642263,1975,nba,25.0,True,SG,1996-08-30,ACT,6,1.0,78,209,Villanova,NYK,True,Mikal Bridges,3147657.0
56,Anfernee Simons,25.5,POR,"PG,SG",4843.446347,1983,nba,1.0,True,PG,1999-06-08,ACT,6,1.0,75,193,,POR,True,Anfernee Simons,4351851.0
57,Jalen Duren,21.0,DET,C,4805.914741,2438,nba,0.0,True,C,2003-11-18,ACT,2,1.0,82,250,Memphis,DET,True,Jalen Duren,4433621.0
58,Deandre Ayton,26.3,POR,C,4769.024733,1974,nba,2.0,True,C,1998-07-23,ACT,6,1.0,84,247,Arizona,POR,True,Deandre Ayton,4278129.0
59,Josh Giddey,22.1,CHI,"PG,SG,SF",4732.754754,2313,nba,3.0,True,PG,2002-10-10,ACT,3,1.0,80,216,,CHI,True,Josh Giddey,4871145.0
60,Kristaps Porzingis,29.3,BOS,"PF,C",4697.084306,1590,nba,8.0,True,C,1995-08-02,ACT,8,1.0,87,240,,BOS,True,Kristaps Porzingis,3102531.0
61,Brandon Ingram,27.2,NO,"SG,SF,PF",4661.993892,1698,nba,14.0,True,SF,1997-09-02,ACT,8,1.0,80,190,Duke,NOP,True,Brandon Ingram,3913176.0
62,OG Anunoby,27.4,NY,"SF,PF",4627.464948,1831,nba,8.0,True,PF,1997-07-17,ACT,7,1.0,79,243,Indiana,NYK,True,OG Anunoby,3934719.0
63,Walker Kessler,23.3,UTA,C,4593.47979,2441,nba,24.0,True,C,2001-07-26,ACT,2,1.0,84,245,Auburn,UTA,True,Walker Kessler,4433136.0
64,Dyson Daniels,21.7,ATL,"PG,SG",4560.021555,2449,nba,5.0,True,SG,2003-03-17,ACT,2,1.0,79,199,,ATL,True,Dyson Daniels,4869342.0
65,Alex Sarr,19.6,WAS,"PF,C",4527.074153,2733,nba,20.0,True,C,2005-04-26,ACT,0,1.0,84,224,,WAS,True,Alex Sarr,5160992.0
66,Ausar Thompson,21.8,DET,"SF,PF",4494.622219,2566,nba,9.0,True,SF,2003-01-30,ACT,1,2.0,78,205,,DET,True,Ausar Thompson,4684742.0
67,Jalen Suggs,23.5,ORL,"PG,SG",4462.651072,2305,nba,4.0,True,PG,2001-06-03,ACT,3,1.0,77,205,Gonzaga,ORL,True,Jalen Suggs,4432165.0
68,Bilal Coulibaly,20.3,WAS,"SG,SF",4431.146674,2565,nba,0.0,True,SF,2004-07-26,ACT,1,1.0,80,195,,WAS,True,Bilal Coulibaly,5104155.0
69,Coby White,24.8,CHI,"PG,SG",4400.095592,1998,nba,0.0,True,SG,2000-02-16,ACT,5,1.0,77,195,North Carolina,CHI,True,Coby White,4395651.0
70,Jonathan Kuminga,22.1,GS,"SF,PF",4369.484966,2306,nba,0.0,True,PF,2002-10-06,ACT,3,2.0,79,225,,GSW,True,Jonathan Kuminga,4433247.0
71,Trey Murphy III,24.4,NO,"SF,PF",4339.302475,2285,nba,25.0,True,PF,2000-06-18,ACT,3,1.0,80,206,Virginia,NOP,True,Trey Murphy,4397688.0
72,Dereck Lively II,20.8,DAL,C,4309.536307,2584,nba,2.0,True,C,2004-02-12,ACT,1,1.0,85,234,Duke,DAL,True,Dereck Lively,4683688.0
73,Rudy Gobert,32.4,MIN,C,4280.175134,1350,nba,27.0,True,C,1992-06-26,ACT,11,1.0,85,250,,MIN,True,Rudy Gobert,3032976.0
74,Onyeka Okongwu,24.0,ATL,"PF,C",4251.208083,2136,nba,17.0,True,C,2000-12-11,ACT,4,2.0,82,240,USC,ATL,True,Onyeka Okongwu,4431680.0
75,Donovan Clingan,20.8,POR,C,4222.624712,2728,nba,23.0,True,C,2004-02-23,ACT,0,2.0,86,280,UConn,POR,True,Donovan Clingan,5105565.0
76,Mark Williams,22.9,CHA,C,4194.414991,2440,nba,5.0,True,C,2001-12-16,ACT,2,2.0,84,240,Duke,CHA,True,Mark Williams,4701232.0
77,Scoot Henderson,20.8,POR,PG,4166.569276,2620,nba,0.0,True,PG,2004-02-03,ACT,1,2.0,75,202,,POR,True,Scoot Henderson,4683678.0
78,Jalen Green,22.8,HOU,"PG,SG",4139.078294,2309,nba,4.0,True,SG,2002-02-09,ACT,3,1.0,78,183,,HOU,True,Jalen Green,4437244.0
79,Keyonte George,21.1,UTA,"PG,SG",4111.933119,2580,nba,3.0,True,PG,2003-11-08,ACT,1,1.0,76,185,Baylor,UTA,True,Keyonte George,4433627.0
80,Tari Eason,23.6,HOU,"SF,PF",4085.12516,2447,nba,17.0,True,PF,2001-05-10,ACT,2,2.0,80,217,LSU,HOU,True,Tari Eason,4433192.0
81,Keegan Murray,24.3,SAC,"SF,PF",4058.646141,2456,nba,13.0,True,PF,2000-08-19,ACT,2,1.0,80,215,Iowa,SAC,True,Keegan Murray,4594327.0
82,Austin Reaves,26.5,LAL,"PG,SG",4032.488089,2316,nba,15.0,True,PG,1998-05-29,ACT,3,1.0,77,210,Oklahoma,LAL,True,Austin Reaves,4066457.0
83,Shaedon Sharpe,21.5,POR,"SG,SF",4006.643313,2476,nba,17.0,True,SG,2003-05-30,ACT,2,1.0,77,205,Kentucky,POR,True,Shaedon Sharpe,4914336.0
84,Reed Sheppard,20.4,HOU,SG,3981.104401,2719,nba,15.0,True,PG,2004-06-24,ACT,0,2.0,75,182,Kentucky,HOU,True,Reed Sheppard,4711272.0
85,Derrick White,30.4,BOS,"PG,SG",3955.864195,1830,nba,9.0,True,SG,1994-07-02,ACT,7,1.0,76,200,Colorado,BOS,True,Derrick White,3078576.0
86,Miles Bridges,26.7,CHA,"SF,PF",3930.915791,1913,nba,0.0,True,PF,1998-03-21,ACT,5,1.0,79,225,Michigan State,CHA,True,Miles Bridges,4066383.0
87,LeBron James,39.9,LAL,"SF,PF",3906.252518,1362,nba,23.0,True,PF,1984-12-30,ACT,21,1.0,81,250,,LAL,True,LeBron James,1966.0
88,RJ Barrett,24.5,TOR,"SF,PF",3881.867931,2001,nba,9.0,True,SF,2000-06-14,ACT,5,1.0,78,214,Duke,TOR,True,RJ Barrett,4395625.0
89,Jimmy Butler,35.2,MIA,"SF,PF",3857.755804,1000,nba,22.0,True,SF,1989-09-14,ACT,13,1.0,79,230,Marquette,MIA,True,Jimmy Butler,6430.0
90,Ivica Zubac,27.7,LAC,C,3833.910114,1697,nba,40.0,True,C,1997-03-18,ACT,8,1.0,84,240,,LAC,True,Ivica Zubac,4017837.0
91,Kawhi Leonard,33.4,LAC,"SG,SF,PF",3810.325039,1308,nba,2.0,True,C,1991-06-29,ACT,12,6.0,79,225,San Diego State,LAC,True,Kawhi Leonard,6450.0
92,Jeremy Sochan,21.5,SA,"SF,PF",3786.994942,2451,nba,10.0,True,C,2003-05-20,ACT,2,5.0,80,230,Baylor,SAS,True,Jeremy Sochan,4610139.0
93,Zaccharie Risacher,19.6,ATL,SF,3763.91437,2737,nba,10.0,True,SF,2005-04-08,ACT,0,1.0,81,215,,ATL,True,Zaccharie Risacher,5211175.0
94,Jabari Smith Jr.,21.5,HOU,"PF,C",3741.078041,2445,nba,10.0,True,PF,2003-05-13,ACT,2,1.0,83,213,Auburn,HOU,True,Jabari Smith,4432639.0
95,2025 Round 1,0.0,NBA,P,3738.93,2025rd1,nba,0.0,True,P,2000-01-01,ACT,0,0.0,0,0,,NBA,True,2025 Round 1,
96,2026 Round 1,0.0,NBA,P,3738.93,2026rd1,nba,0.0,True,P,2000-01-01,ACT,0,0.0,0,0,,NBA,True,2026 Round 1,
97,2027 Round 1,0.0,NBA,P,3738.93,2027rd1,nba,0.0,True,P,2000-01-01,ACT,0,0.0,0,0,,NBA,True,2027 Round 1,
98,Naz Reid,25.3,MIN,"PF,C",3718.48084,2036,nba,11.0,True,C,1999-08-26,ACT,5,2.0,81,241,LSU,MIN,True,Naz Reid,4396971.0
99,Zach LaVine,29.7,CHI,"SG,SF",3696.117812,1526,nba,8.0,True,SF,1995-03-10,ACT,10,1.0,77,200,UCLA,CHI,True,Zach LaVine,3064440.0
100,Bennedict Mathurin,22.4,IND,"SG,SF",3673.984152,2435,nba,0.0,True,SF,2002-06-19,ACT,2,1.0,78,195,Arizona,IND,True,Bennedict Mathurin,4683634.0
101,Cam Thomas,23.1,BKN,"SG,SF",3652.075203,2278,nba,24.0,True,SG,2001-10-13,ACT,3,1.0,75,210,LSU,BKN,True,Cam Thomas,4432174.0
102,Christian Braun,23.6,DEN,"SG,SF",3630.386448,2457,nba,0.0,True,SG,2001-04-17,ACT,2,1.0,78,220,Kansas,DEN,True,Christian Braun,4431767.0
103,Julius Randle,30.0,MIN,PF,3608.913505,1535,nba,30.0,True,PF,1994-11-29,ACT,10,1.0,81,255,Kentucky,MIN,True,Julius Randle,3064514.0
104,Jrue Holiday,34.5,BOS,"PG,SG",3587.652122,1265,nba,4.0,True,PG,1990-06-12,ACT,15,1.0,77,223,UCLA,BOS,True,Jrue Holiday,3995.0
105,Zach Edey,22.5,MEM,C,3566.59817,2718,nba,14.0,True,C,2002-03-14,ACT,0,2.0,88,299,Purdue,MEM,True,Zach Edey,4600663.0
106,Stephon Castle,20.1,SA,"PG,SG",3545.747641,2722,nba,5.0,True,SG,2004-11-01,ACT,0,2.0,77,210,UConn,SAS,True,Stephon Castle,4845367.0
107,Jared McCain,20.8,PHI,"PG,SG",3525.096642,2713,nba,20.0,True,SG,2004-02-20,ACT,0,1.0,74,203,Duke,PHI,True,Jared McCain,4683778.0
108,Kyshawn George,21.0,WAS,"SG,SF",3504.64139,2714,nba,18.0,True,PF,2003-12-12,ACT,0,2.0,79,209,Miami (FL),WAS,True,Kyshawn George,5174563.0
109,DeMar DeRozan,35.3,SAC,"SF,PF",3484.378209,1321,nba,10.0,True,SF,1989-08-07,ACT,15,1.0,78,220,USC,SAC,True,DeMar DeRozan,3978.0
110,Kyle Kuzma,29.3,WAS,PF,3464.303525,1799,nba,33.0,True,PF,1995-07-24,ACT,7,1.0,81,221,Utah,WAS,True,Kyle Kuzma,3134907.0
111,Taylor Hendricks,21.0,UTA,"SF,PF",3444.413864,2582,nba,0.0,True,PF,2003-11-22,ACT,1,7.0,81,215,UCF,UTA,True,Taylor Hendricks,4684806.0
112,Brandin Podziemski,21.8,GS,SG,3424.705846,2564,nba,2.0,True,PG,2003-02-25,ACT,1,2.0,76,205,Santa Clara,GSW,True,Brandin Podziemski,4709138.0
113,Collin Sexton,25.9,UTA,"PG,SG",3405.176184,1892,nba,2.0,True,SG,1999-01-04,ACT,6,1.0,75,190,Alabama,UTA,True,Collin Sexton,4277811.0
114,Dalton Knecht,23.6,LAL,SG,3385.821678,2709,nba,4.0,True,SG,2001-04-19,ACT,0,1.0,78,215,Tennessee,LAL,True,Dalton Knecht,4897943.0
115,Ron Holland II,19.4,DET,SF,3366.639215,2836,nba,0.0,True,SF,2005-07-07,ACT,0,3.0,80,206,,DET,True,Ron Holland,
116,Herbert Jones,26.1,NO,"SF,PF",3347.625762,2286,nba,2.0,True,C,1998-10-06,ACT,3,6.0,79,206,Alabama,NOP,True,Herbert Jones,4277813.0
117,Deni Avdija,23.9,POR,"SF,PF",3328.778368,2181,nba,8.0,True,SF,2001-01-03,ACT,4,2.0,81,210,,POR,True,Deni Avdija,4683021.0
118,Carlton Carrington,19.4,WAS,"PG,SG",3310.094156,2715,nba,8.0,True,PG,2005-07-21,ACT,0,2.0,76,195,Pittsburgh,WAS,True,Carlton Carrington,4845374.0
119,Rob Dillingham,19.9,MIN,PG,3291.570326,2717,nba,4.0,True,PG,2005-01-04,ACT,0,2.0,74,163,Kentucky,MIN,True,Rob Dillingham,4684275.0
120,Nikola Topic,19.3,OKC,PG,3273.204148,2734,nba,44.0,True,PG,2005-08-10,ACT,0,6.0,78,201,,OKC,True,Nikola Topic,5159925.0
121,Bradley Beal,31.4,PHO,"PG,SG,SF",3254.99296,1128,nba,3.0,True,SF,1993-06-28,ACT,12,1.0,75,207,Florida,PHX,True,Bradley Beal,6580.0
122,Michael Porter Jr.,26.4,DEN,"SF,PF",3236.934169,1988,nba,1.0,True,SF,1998-06-29,ACT,5,1.0,82,218,Missouri,DEN,True,Michael Porter,4278104.0
123,Isaiah Hartenstein,26.6,OKC,C,3219.025245,1934,nba,55.0,True,C,1998-05-05,ACT,6,1.0,84,250,,OKC,True,Isaiah Hartenstein,4222252.0
124,Jakob Poeltl,29.1,TOR,C,3201.263721,1718,nba,19.0,True,C,1995-10-15,ACT,8,1.0,84,260,Utah,TOR,True,Jakob Poeltl,3134908.0
125,D'Angelo Russell,28.8,LAL,PG,3183.647191,1621,nba,1.0,True,PG,1996-02-23,ACT,9,2.0,75,200,Ohio State,LAL,True,D'Angelo Russell,3136776.0
126,Jaden Ivey,22.8,DET,"PG,SG",3166.173307,2439,nba,23.0,True,SG,2002-02-13,ACT,2,1.0,76,195,Purdue,DET,True,Jaden Ivey,4433218.0
127,Donte DiVincenzo,27.8,MIN,"SG,SF",3148.839777,1964,nba,0.0,True,SG,1997-01-31,ACT,6,2.0,76,200,Villanova,MIN,True,Donte DiVincenzo,3934673.0
128,Cameron Johnson,28.7,BKN,"SF,PF",3131.644363,2091,nba,2.0,True,SF,1996-03-03,ACT,5,1.0,80,210,North Carolina,BKN,True,Cameron Johnson,3138196.0
129,Trayce Jackson-Davis,24.8,GS,"PF,C",3114.584884,2597,nba,32.0,True,C,2000-02-22,ACT,1,1.0,81,248,Indiana,GSW,True,Trayce Jackson-Davis,4431684.0
130,Cam Whitmore,20.4,HOU,"SF,PF",3097.659205,2573,nba,7.0,True,PF,2004-07-08,ACT,1,3.0,79,235,Villanova,HOU,True,Cam Whitmore,5105592.0
131,CJ McCollum,33.2,NO,"PG,SG",3080.865245,1450,nba,3.0,True,SG,1991-09-19,ACT,11,1.0,75,190,Lehigh,NOP,True,CJ McCollum,2490149.0
132,Jaime Jaquez Jr.,23.8,MIA,SF,3064.20097,2583,nba,11.0,True,PF,2001-02-18,ACT,1,2.0,78,225,UCLA,MIA,True,Jaime Jaquez,4432848.0
133,Cason Wallace,21.1,OKC,"PG,SG",3047.664391,2586,nba,22.0,True,SG,2003-11-07,ACT,1,2.0,75,195,Kentucky,OKC,True,Cason Wallace,4683692.0
134,Nikola Vucevic,34.1,CHI,"PF,C",3031.253568,1486,nba,9.0,True,C,1990-10-24,ACT,13,1.0,82,260,USC,CHI,True,Nikola Vucevic,6478.0
135,Josh Hart,29.7,NY,"SF,PF",3014.9666,1803,nba,3.0,True,SF,1995-03-06,ACT,7,1.0,76,221,Villanova,NYK,True,Josh Hart,3062679.0
136,Kyle Filipowski,21.1,UTA,"PF,C",2998.801634,2766,nba,22.0,True,PF,2003-11-07,ACT,0,2.0,83,250,Duke,UTA,True,Kyle Filipowski,4684793.0
137,Wendell Carter Jr.,25.6,ORL,C,2982.756854,1883,nba,34.0,True,C,1999-04-16,ACT,6,1.0,82,270,Duke,ORL,True,Wendell Carter,4277847.0
138,Daniel Gafford,26.2,DAL,"PF,C",2966.830487,1997,nba,21.0,True,C,1998-10-01,ACT,5,2.0,82,234,Arkansas,DAL,True,Daniel Gafford,4278049.0
139,Tobias Harris,32.4,DET,"SF,PF",2951.020798,1487,nba,12.0,True,PF,1992-07-15,ACT,13,1.0,80,226,Tennessee,DET,True,Tobias Harris,6440.0
140,John Collins,27.2,UTA,"PF,C",2935.326089,1809,nba,20.0,True,PF,1997-09-23,ACT,7,1.0,81,226,Wake Forest,UTA,True,John Collins,3908845.0
141,Gradey Dick,21.0,TOR,"SG,SF",2919.7447,2578,nba,1.0,True,SG,2003-11-20,ACT,1,1.0,78,200,Kansas,TOR,True,Gradey Dick,5106258.0
142,Jerami Grant,30.7,POR,"SF,PF",2904.275007,1512,nba,9.0,True,PF,1994-03-12,ACT,10,1.0,79,210,Syracuse,POR,True,Jerami Grant,2991070.0
143,2025 Round 2,0.0,NBA,P,2891.94,2025rd2,nba,0.0,True,P,2000-01-01,ACT,0,0.0,0,0,,NBA,True,2025 Round 2,
144,2026 Round 2,0.0,NBA,P,2891.94,2026rd2,nba,0.0,True,P,2000-01-01,ACT,0,0.0,0,0,,NBA,True,2026 Round 2,
145,2027 Round 2,0.0,NBA,P,2891.94,2027rd2,nba,0.0,True,P,2000-01-01,ACT,0,0.0,0,0,,NBA,True,2027 Round 2,
146,Aaron Nesmith,25.1,IND,"SF,PF",2888.91542,2144,nba,23.0,True,PF,1999-10-16,ACT,4,6.0,78,215,Vanderbilt,IND,True,Aaron Nesmith,4396909.0
147,Kel'el Ware,20.6,MIA,C,2873.664381,2726,nba,7.0,True,C,2004-04-20,ACT,0,3.0,84,230,Indiana,MIA,True,Kel'el Ware,5105623.0
148,Tidjane Salaun,19.3,CHA,PF,2858.520369,2736,nba,31.0,True,PF,2005-08-10,ACT,0,2.0,81,207,,CHA,True,Tidjane Salaun,5211176.0
149,Devin Carter,22.7,SAC,PG,2843.48189,2729,nba,22.0,True,PG,2002-03-18,ACT,0,5.0,74,188,Providence,SAC,True,Devin Carter,4433188.0
150,Jarace Walker,21.2,IND,PF,2828.547485,2563,nba,5.0,True,PF,2003-09-04,ACT,1,2.0,80,235,Houston,IND,True,Jarace Walker,5106060.0
151,Clint Capela,30.5,ATL,C,2813.715722,1541,nba,15.0,True,C,1994-05-18,ACT,10,1.0,82,256,,ATL,True,Clint Capela,3102529.0
152,Matas Buzelis,20.1,CHI,SF,2798.985202,2835,nba,14.0,True,SF,2004-10-13,ACT,0,3.0,81,197,,CHI,True,Matas Buzelis,4711294.0
153,Terry Rozier,30.7,MIA,PG,2784.354549,1632,nba,2.0,True,SG,1994-03-17,ACT,9,1.0,73,190,Louisville,MIA,True,Terry Rozier,3074752.0
154,Ben Simmons,28.4,BKN,"PG,C",2769.822421,1676,nba,10.0,True,PG,1996-07-20,ACT,6,2.0,82,240,LSU,BKN,True,Ben Simmons,3907387.0
155,Jonathan Isaac,27.2,ORL,"SF,PF",2755.387498,1879,nba,1.0,True,PF,1997-10-03,ACT,5,2.0,82,230,Florida State,ORL,True,Jonathan Isaac,4065654.0
156,Norman Powell,31.5,LAC,"SG,SF",2741.048489,1637,nba,24.0,True,SF,1993-05-25,ACT,9,1.0,76,215,UCLA,LAC,True,Norman Powell,2595516.0
157,Alex Caruso,30.7,OKC,"SG,SF",2726.804127,1801,nba,9.0,True,PG,1994-02-28,ACT,7,4.0,77,186,Texas A&M,OKC,True,Alex Caruso,2991350.0
158,Khris Middleton,33.3,MIL,SF,2712.653172,1378,nba,22.0,True,SG,1991-08-12,ACT,12,1.0,79,222,Texas A&M,MIL,True,Khris Middleton,6609.0
159,Marcus Smart,30.7,MEM,"PG,SG",2698.594406,1546,nba,36.0,True,SG,1994-03-06,ACT,10,2.0,75,220,Oklahoma State,MEM,True,Marcus Smart,2990992.0
160,Malik Monk,26.8,SAC,"SG,SF",2684.626636,1779,nba,0.0,True,SG,1998-02-04,ACT,7,2.0,75,200,Kentucky,SAC,True,Malik Monk,4066262.0
161,Noah Clowney,20.4,BKN,"SF,PF,C",2670.748691,2571,nba,21.0,True,PF,2004-07-14,ACT,1,2.0,81,210,Alabama,BKN,True,Noah Clowney,4712896.0
162,De'Andre Hunter,27.0,ATL,"SF,PF",2656.959424,2050,nba,12.0,True,PF,1997-12-02,ACT,5,2.0,80,221,Virginia,ATL,True,De'Andre Hunter,4065732.0
163,Yves Missi,20.5,NO,C,2643.257709,2720,nba,21.0,True,C,2004-05-14,ACT,0,1.0,83,229,Baylor,NOP,True,Yves Missi,5061589.0
164,Scotty Pippen Jr.,24.0,MEM,"PG,SG",2629.64244,2416,nba,1.0,True,PG,2000-11-10,ACT,2,2.0,73,170,Vanderbilt,MEM,True,Scotty Pippen,4431785.0
165,Anthony Black,20.9,ORL,"PG,SG",2616.112534,2590,nba,0.0,True,PG,2004-01-20,ACT,1,2.0,79,200,Arkansas,ORL,True,Anthony Black,4712849.0
166,Keon Ellis,24.9,SAC,"SG,SF",2602.666927,2432,nba,23.0,True,SG,2000-01-08,ACT,2,1.0,77,175,Alabama,SAC,True,Keon Ellis,4702177.0
167,Jaden McDaniels,24.2,MIN,"SF,PF",2589.304575,2135,nba,3.0,True,SF,2000-09-29,ACT,4,1.0,81,205,Washington,MIN,True,Jaden McDaniels,4431671.0
168,Patrick Williams,23.3,CHI,PF,2576.024454,2118,nba,44.0,True,PF,2001-08-26,ACT,4,1.0,79,215,Florida State,CHI,True,Patrick Williams,4431687.0
169,Nikola Jovic,21.5,MIA,"PF,C",2562.825556,2480,nba,5.0,True,PF,2003-06-09,ACT,2,3.0,82,205,,MIA,True,Nikola Jovic,4997528.0
170,Andrew Nembhard,24.9,IND,"PG,SG",2549.706896,2461,nba,2.0,True,SG,2000-01-16,ACT,2,1.0,77,193,Gonzaga,IND,True,Andrew Nembhard,4395712.0
171,Miles McBride,24.2,NY,"PG,SG",2536.667504,2256,nba,2.0,True,SG,2000-09-08,ACT,3,2.0,73,195,West Virginia,NYK,True,Miles McBride,4431823.0
172,Tre Jones,24.9,SA,PG,2523.706426,2145,nba,33.0,True,PG,2000-01-08,ACT,4,2.0,73,190,Duke,SAS,True,Tre Jones,4395626.0
173,Mitchell Robinson,26.7,NY,C,2510.822728,1887,nba,23.0,True,C,1998-04-01,ACT,6,5.0,84,278,,NYK,True,Mitchell Robinson,4351852.0
174,Peyton Watson,22.2,DEN,"SF,PF",2498.015492,2454,nba,8.0,True,PF,2002-09-11,ACT,2,1.0,79,200,UCLA,DEN,True,Peyton Watson,4576087.0
175,Ryan Dunn,21.9,PHO,SF,2485.283816,2710,nba,0.0,True,PF,2003-01-07,ACT,0,2.0,80,220,Virginia,PHX,True,Ryan Dunn,4888725.0
176,Ayo Dosunmu,24.9,CHI,"SG,SF",2472.626812,2255,nba,11.0,True,SG,2000-01-17,ACT,3,2.0,77,200,Illinois,CHI,True,Ayo Dosunmu,4397002.0
177,Robert Williams III,27.1,POR,C,2460.04361,1950,nba,35.0,True,PF,1997-10-17,ACT,6,2.0,81,249,Texas A&M,POR,True,Robert Williams,4066211.0
178,Nick Richards,27.0,CHA,C,2447.533355,2141,nba,4.0,True,C,1997-11-29,ACT,4,1.0,84,245,Kentucky,CHA,True,Nick Richards,4278076.0
179,Jusuf Nurkic,30.3,PHO,C,2435.095206,1583,nba,20.0,True,C,1994-08-23,ACT,10,1.0,84,290,,PHX,True,Jusuf Nurkic,3102530.0
180,Tyus Jones,28.6,PHO,PG,2422.728336,1614,nba,21.0,True,PG,1996-05-10,ACT,9,1.0,72,196,Duke,PHX,True,Tyus Jones,3135046.0
181,Draymond Green,34.7,GS,"PF,C",2410.431933,1082,nba,23.0,True,PF,1990-03-04,ACT,12,1.0,78,235,Michigan State,GSW,True,Draymond Green,6589.0
182,P.J. Washington,26.3,DAL,PF,2398.205198,2029,nba,25.0,True,PF,1998-08-23,ACT,5,1.0,79,230,Kentucky,DAL,True,P.J. Washington,4278078.0
183,Jaylen Wells,21.3,MEM,SF,2386.047346,2753,nba,0.0,True,SF,2003-08-26,ACT,0,1.0,79,206,Washington State,MEM,True,Jaylen Wells,5112087.0
184,Max Christie,21.8,LAL,"SG,SF",2373.957606,2468,nba,12.0,True,SF,2003-02-10,ACT,2,2.0,77,205,Michigan State,LAL,True,Max Christie,4432582.0
185,Jalen Smith,24.7,CHI,"PF,C",2361.935219,2156,nba,7.0,True,C,2000-03-16,ACT,4,2.0,81,215,Maryland,CHI,True,Jalen Smith,4397189.0
186,Keldon Johnson,25.1,SA,"SG,SF,PF",2349.979438,2065,nba,0.0,True,SF,1999-10-11,ACT,5,2.0,77,215,Kentucky,SAS,True,Keldon Johnson,4395723.0
187,De'Anthony Melton,26.5,GS,"PG,SG",2338.089529,1972,nba,8.0,True,PG,1998-05-28,ACT,6,6.0,74,201,USC,GSW,True,De'Anthony Melton,4066436.0
188,Cole Anthony,24.5,ORL,PG,2326.264771,2165,nba,50.0,True,PG,2000-05-15,ACT,4,3.0,74,185,North Carolina,ORL,True,Cole Anthony,4432809.0
189,Rui Hachimura,26.8,LAL,"SF,PF",2314.504454,2020,nba,28.0,True,SF,1998-02-08,ACT,5,1.0,80,245,Gonzaga,LAL,True,Rui Hachimura,4066648.0
190,Isaiah Stewart,23.5,DET,"PF,C",2302.807878,2159,nba,28.0,True,C,2001-05-22,ACT,4,2.0,80,250,Washington,DET,True,Isaiah Stewart,4432810.0
191,Payton Pritchard,26.8,BOS,PG,2291.174357,2142,nba,11.0,True,PG,1998-01-28,ACT,4,2.0,74,211,Oregon,BOS,True,Payton Pritchard,4066354.0
192,Kevin Huerter,26.3,SAC,"SG,SF",2279.603214,1941,nba,9.0,True,SF,1998-08-27,ACT,6,2.0,79,190,Maryland,SAC,True,Kevin Huerter,4066372.0
193,Moses Moody,22.5,GS,"SG,SF",2268.093785,2262,nba,4.0,True,SG,2002-05-31,ACT,3,3.0,77,215,Arkansas,GSW,True,Moses Moody,4432171.0
194,Grayson Allen,29.1,PHO,"PG,SG",2256.645413,1959,nba,8.0,True,SG,1995-10-08,ACT,6,2.0,76,218,Duke,PHX,True,Grayson Allen,3135045.0
195,Gary Trent Jr.,25.9,MIL,"PG,SG",2245.257456,1982,nba,5.0,True,SF,1999-01-18,ACT,6,2.0,77,204,Duke,MIL,True,Gary Trent,4277843.0
196,Jonas Valanciunas,32.6,WAS,C,2233.929278,1319,nba,17.0,True,C,1992-05-06,ACT,12,2.0,83,265,,WAS,True,Jonas Valanciunas,6477.0
197,Dennis Schröder,31.2,BKN,PG,2222.660255,1254,nba,17.0,True,PG,1993-09-15,ACT,11,1.0,73,175,,BKN,True,Dennis Schroder,3032979.0
198,Josh Green,24.0,CHA,"SG,SF",2211.449773,2155,nba,10.0,True,SF,2000-11-16,ACT,4,1.0,77,200,Arizona,CHA,True,Josh Green,4432811.0
199,Cody Williams,20.0,UTA,SF,2200.297227,2725,nba,5.0,True,SF,2004-11-20,ACT,0,4.0,79,190,Colorado,UTA,True,Cody Williams,4895758.0
200,Vince Williams Jr.,24.2,MEM,"PG,SG,SF",2189.20202,2466,nba,5.0,True,PF,2000-08-30,ACT,2,6.0,76,205,VCU,MEM,True,Vince Williams,4397227.0
201,Tre Mann,23.8,CHA,"PG,SG",2178.163567,2297,nba,23.0,True,PG,2001-02-03,ACT,3,2.0,75,178,Florida,CHA,True,Tre Mann,4432819.0
202,Bruce Brown,28.3,TOR,"SG,SF",2167.181289,1909,nba,11.0,True,SG,1996-08-15,ACT,6,2.0,76,202,Miami (FL),TOR,True,Bruce Brown,4065670.0
203,Isaiah Joe,25.4,OKC,"PG,SG",2156.254618,2125,nba,11.0,True,SF,1999-07-02,ACT,4,2.0,75,165,Arkansas,OKC,True,Isaiah Joe,4395702.0
204,Brook Lopez,36.7,MIL,C,2145.382993,1178,nba,11.0,True,C,1988-04-01,ACT,16,1.0,85,282,Stanford,MIL,True,Brook Lopez,3448.0
205,Davion Mitchell,26.2,TOR,"PG,SG",2134.565863,2301,nba,45.0,True,PG,1998-09-05,ACT,3,2.0,72,202,Baylor,TOR,True,Davion Mitchell,4278053.0
206,Jordan Hawkins,22.6,NO,SG,2123.802684,2576,nba,24.0,True,SG,2002-04-29,ACT,1,2.0,77,190,UConn,NOP,True,Jordan Hawkins,4683750.0
207,Buddy Hield,31.9,GS,"SG,SF",2113.09292,1707,nba,7.0,True,SG,1992-12-17,ACT,8,2.0,76,215,Oklahoma,GSW,True,Buddy Hield,2990984.0
208,Toumani Camara,24.6,POR,"SF,PF",2102.436044,2613,nba,33.0,True,SF,2000-05-08,ACT,1,1.0,79,226,Dayton,POR,True,Toumani Camara,4431736.0
209,Julian Strawther,22.6,DEN,SG,2091.831537,2589,nba,3.0,True,SF,2002-04-18,ACT,1,2.0,78,205,Gonzaga,DEN,True,Julian Strawther,4432181.0
210,Isaiah Collier,20.1,UTA,PG,2081.278885,2724,nba,13.0,True,PG,2004-10-08,ACT,0,2.0,75,210,USC,UTA,True,Isaiah Collier,4683766.0
211,Moussa Diabaté,22.9,CHA,C,2070.777585,2474,nba,14.0,True,C,2002-01-21,TWO-WAY,2,3.0,81,210,Michigan,CHA,True,Moussa Diabate,4433249.0
212,DaRon Holmes II,22.3,DEN,PF,2060.327139,2730,nba,14.0,True,C,2002-08-15,ACT,0,7.0,81,236,Dayton,DEN,True,DaRon Holmes,4433607.0
213,Isaac Okoro,23.8,CLE,"SF,PF",2049.927056,2120,nba,35.0,True,SF,2001-01-26,ACT,4,1.0,77,225,Auburn,CLE,True,Isaac Okoro,4432822.0
214,Caris LeVert,30.3,CLE,"SG,SF",2039.576854,1690,nba,3.0,True,SG,1994-08-25,ACT,8,2.0,78,205,Michigan,CLE,True,Caris LeVert,2991043.0
215,Precious Achiuwa,25.2,NY,"PF,C",2029.276057,2152,nba,5.0,True,C,1999-09-19,ACT,4,4.0,80,243,Memphis,NYK,True,Precious Achiuwa,4431679.0
216,Johnny Furphy,20.0,IND,SG,2019.024195,2744,nba,12.0,True,SF,2004-12-07,ACT,0,3.0,81,189,Kansas,IND,True,Johnny Furphy,5157066.0
217,Bobi Klintman,21.7,DET,PF,2008.820805,2837,nba,34.0,True,PF,2003-03-06,ACT,0,4.0,81,225,Wake Forest,DET,True,Bobi Klintman,5105340.0
218,Nikola Durisic,20.8,ATL,SF,1998.665431,2757,nba,,True,,2004-02-23,NWT,0,,79,209,,,True,Nikola Durisic,5144067.0
219,Andrew Wiggins,29.8,GS,"SF,PF",1988.557624,1525,nba,22.0,True,SF,1995-02-23,ACT,10,1.0,79,210,Kansas,GSW,True,Andrew Wiggins,3059319.0
220,Duncan Robinson,30.6,MIA,"SG,SF",1978.496939,1961,nba,55.0,True,SG,1994-04-22,ACT,6,2.0,79,215,Michigan,MIA,True,Duncan Robinson,3157465.0
221,Bogdan Bogdanovic,32.3,ATL,"SG,SF",1968.48294,1871,nba,13.0,True,SG,1992-08-18,ACT,7,2.0,77,225,,ATL,True,Bogdan Bogdanovic,3037789.0
222,Tristan Da Silva,23.5,ORL,SF,1958.515195,2711,nba,23.0,True,PF,2001-05-15,ACT,0,1.0,81,220,Colorado,ORL,True,Tristan Da Silva,
223,Aaron Gordon,29.2,DEN,"PF,C",1948.593279,1585,nba,32.0,True,SF,1995-09-16,ACT,10,7.0,80,235,Arizona,DEN,True,Aaron Gordon,3064290.0
224,Corey Kispert,25.7,WAS,"SG,SF",1938.716772,2266,nba,24.0,True,SF,1999-03-03,ACT,3,2.0,78,224,Gonzaga,WAS,True,Corey Kispert,4280151.0
225,Day'Ron Sharpe,23.1,BKN,C,1928.885261,2275,nba,20.0,True,C,2001-11-06,ACT,3,6.0,81,265,North Carolina,BKN,True,Day'Ron Sharpe,4432194.0
226,Jaylon Tyson,22.0,CLE,SG,1919.098338,2712,nba,24.0,True,SF,2002-12-02,ACT,0,4.0,78,218,California,CLE,True,Jaylon Tyson,4683747.0
227,Karlo Matkovic,23.7,NO,PF,1909.355599,2490,nba,17.0,True,PF,2001-03-30,ACT,1,5.0,82,231,,NOP,True,Karlo Matkovic,4997538.0
228,Caleb Martin,29.2,PHI,"SG,SF",1899.656648,2028,nba,16.0,True,PF,1995-09-28,ACT,5,1.0,77,205,Nevada,PHI,True,Caleb Martin,3138160.0
229,Malcolm Brogdon,32.0,WAS,"PG,SG",1890.001093,1727,nba,15.0,True,SG,1992-12-11,ACT,8,1.0,76,229,Virginia,WAS,True,Malcolm Brogdon,2566769.0
230,Daniel Theis,32.6,NO,C,1880.388548,1824,nba,10.0,True,C,1992-04-04,ACT,7,3.0,80,245,,NOP,True,Daniel Theis,2451037.0
231,GG Jackson II,19.9,MEM,"SF,PF",1870.81863,2603,nba,45.0,True,PF,2004-12-17,ACT,1,5.0,81,210,South Carolina,MEM,True,GG Jackson,5105550.0
232,Brandon Clarke,28.2,MEM,"PF,C",1861.290963,2041,nba,15.0,True,C,1996-09-19,ACT,5,1.0,80,215,Gonzaga,MEM,True,Brandon Clarke,3906665.0
233,Julian Champagnie,23.4,SA,"SF,PF",1851.805177,2494,nba,30.0,True,SF,2001-06-29,ACT,2,1.0,80,210,St. John's,SAS,True,Julian Champagnie,4592479.0
234,Kevin Porter Jr.,24.6,LAC,PG,1842.360904,2009,nba,77.0,True,PG,2000-05-04,ACT,4,2.0,76,203,USC,LAC,True,Kevin Porter,4397140.0
235,Kelly Oubre Jr.,29.0,PHI,"SG,SF",1832.957783,1604,nba,9.0,True,SF,1995-12-09,ACT,9,2.0,79,203,Kansas,PHI,True,Kelly Oubre,3133603.0
236,Obi Toppin,26.7,IND,PF,1823.595456,2119,nba,1.0,True,C,1998-03-04,ACT,4,2.0,81,220,Dayton,IND,True,Obi Toppin,4278355.0
237,Jay Huff,27.3,MEM,C,1814.273571,2335,nba,30.0,True,C,1997-08-25,ACT,3,3.0,85,240,Virginia,MEM,True,Jay Huff,4065731.0
238,Andre Jackson Jr.,23.0,MIL,"SG,SF",1804.991781,2611,nba,44.0,True,SF,2001-11-13,ACT,1,3.0,78,209,UConn,MIL,True,Andre Jackson,4432190.0
239,James Wiseman,23.7,IND,C,1795.749741,2122,nba,13.0,True,C,2001-03-31,ACT,3,9.0,83,240,Memphis,IND,True,James Wiseman,4432808.0
240,Leonard Miller,21.0,MIN,PF,1786.547113,2621,nba,33.0,True,PF,2003-11-26,ACT,0,4.0,82,220,,MIN,True,Leonard Miller,5044385.0
241,Sam Hauser,27.0,BOS,"SF,PF",1777.383563,2329,nba,30.0,True,PF,1997-12-08,ACT,3,2.0,80,221,Virginia,BOS,True,Sam Hauser,4065804.0
242,Marvin Bagley III,25.7,WAS,"PF,C",1768.258759,1986,nba,35.0,True,C,1999-03-14,ACT,6,3.0,82,235,Duke,WAS,True,Marvin Bagley,4277848.0
243,Nickeil Alexander-Walker,26.2,MIN,"SG,SF",1759.172375,2055,nba,9.0,True,SF,1998-09-02,ACT,5,2.0,77,192,Virginia Tech,MIN,True,Nickeil Alexander-Walker,4278039.0
244,Max Strus,28.7,CLE,"SG,SF",1750.124089,1999,nba,1.0,True,PF,1996-03-28,ACT,5,6.0,77,215,DePaul,CLE,True,Max Strus,4065778.0
245,Tyler Smith,20.1,MIL,PF,1741.113584,2769,nba,21.0,True,PF,2004-11-02,ACT,0,5.0,83,224,,MIL,True,Tyler Smith,5167876.0
246,Jonathan Mogbo,23.1,TOR,PF,1732.140544,2763,nba,2.0,True,C,2001-10-29,ACT,0,2.0,78,217,San Francisco,TOR,True,Jonathan Mogbo,5107897.0
247,Brice Sensabaugh,21.1,UTA,"SF,PF",1723.20466,2581,nba,28.0,True,SF,2003-10-30,ACT,1,2.0,77,235,Ohio State,UTA,True,Brice Sensabaugh,5105839.0
248,Malaki Branham,21.5,SA,"PG,SG",1714.305625,2452,nba,22.0,True,SF,2003-05-12,ACT,2,3.0,77,205,Ohio State,SAS,True,Malaki Branham,4565201.0
249,Marcus Sasser,24.2,DET,PG,1705.443136,2567,nba,25.0,True,PG,2000-09-21,ACT,1,3.0,74,195,Houston,DET,True,Marcus Sasser,4432107.0
250,Kobe Bufkin,21.2,ATL,"PG,SG",1696.616895,2575,nba,4.0,True,PG,2003-09-21,ACT,1,2.0,77,195,Michigan,ATL,True,Kobe Bufkin,4683736.0
251,Paul Reed,25.5,DET,"PF,C",1687.826606,2128,nba,7.0,True,C,1999-06-14,ACT,4,3.0,81,210,DePaul,DET,True,Paul Reed,4278562.0
252,Isaiah Jackson,22.9,IND,"PF,C",1679.071978,2260,nba,22.0,True,C,2002-01-10,ACT,3,8.0,82,225,Kentucky,IND,True,Isaiah Jackson,4432170.0
253,Terance Mann,28.1,LAC,"SG,SF",1670.352722,2074,nba,14.0,True,SG,1996-10-18,ACT,5,2.0,77,215,Florida State,LAC,True,Terance Mann,3907823.0
254,Zach Collins,27.0,SA,"PF,C",1661.668554,1866,nba,23.0,True,C,1997-11-19,ACT,6,2.0,83,240,Gonzaga,SAS,True,Zach Collins,4066650.0
255,Matisse Thybulle,27.7,POR,"SG,SF",1653.019192,2017,nba,4.0,True,PF,1997-03-04,ACT,5,9.0,77,201,Washington,POR,True,Matisse Thybulle,3907498.0
256,Jordan Clarkson,32.5,UTA,"SG,SF",1644.404358,1534,nba,0.0,True,SG,1992-06-07,ACT,10,2.0,75,194,Missouri,UTA,True,Jordan Clarkson,2528426.0
257,Klay Thompson,34.8,DAL,"SG,SF",1635.823778,1081,nba,31.0,True,SF,1990-02-08,ACT,13,1.0,78,220,Washington State,DAL,True,Klay Thompson,6475.0
258,Dillon Brooks,28.8,HOU,"SG,SF",1627.277181,1792,nba,9.0,True,SF,1996-01-22,ACT,7,1.0,79,220,Oregon,HOU,True,Dillon Brooks,3155526.0
259,Jake LaRavia,23.1,MEM,"SF,PF",1618.764299,2444,nba,3.0,True,PF,2001-11-03,ACT,2,3.0,79,235,Wake Forest,MEM,True,Jake LaRavia,4592691.0
260,Jarred Vanderbilt,25.7,LAL,PF,1610.284866,1987,nba,2.0,True,C,1999-04-03,ACT,6,5.0,81,230,Kentucky,LAL,True,Jarred Vanderbilt,4278077.0
261,Lonzo Ball,27.1,CHI,PG,1601.83862,1798,nba,2.0,True,PG,1997-10-27,ACT,5,2.0,78,190,UCLA,CHI,True,Lonzo Ball,4066421.0
262,Ziaire Williams,23.2,BKN,"SG,SF",1593.425304,2280,nba,1.0,True,SG,2001-09-12,ACT,3,2.0,81,185,Stanford,BKN,True,Ziaire Williams,4433137.0
263,Ja'Kobe Walter,20.2,TOR,SG,1585.04466,2723,nba,14.0,True,SG,2004-09-04,ACT,0,5.0,76,198,Baylor,TOR,True,Ja'Kobe Walter,4684272.0
264,Pacome Dadiet,19.3,NY,SF,1576.696437,2732,nba,4.0,True,SF,2005-07-27,ACT,0,5.0,80,210,,NYK,True,Pacome Dadiet,5211983.0
265,Baylor Scheierman,24.2,BOS,SG,1568.380385,2721,nba,55.0,True,SF,2000-09-26,ACT,0,6.0,78,213,Creighton,BOS,True,Baylor Scheierman,4593841.0
266,AJ Johnson,22.0,MIL,SG,1560.096256,2738,nba,77.0,True,SG,2004-12-01,ACT,0,9.0,77,165,,MIL,True,AJ Johnson,5170947.0
267,T.J. McConnell,32.7,IND,PG,1551.843807,1602,nba,9.0,True,PG,1992-03-25,ACT,9,2.0,74,190,Arizona,IND,True,T.J. McConnell,2530530.0
268,Ben Sheppard,23.4,IND,"SG,SF",1543.622795,2562,nba,26.0,True,PG,2001-07-16,ACT,1,5.0,78,200,Belmont,IND,True,Ben Sheppard,4433076.0
269,Jabari Walker,22.3,POR,"SF,PF",1535.432983,2477,nba,34.0,True,PF,2002-07-30,ACT,2,4.0,79,227,Colorado,POR,True,Jabari Walker,4432446.0
270,Jose Alvarado,26.6,NO,PG,1527.274134,2322,nba,15.0,True,PG,1998-04-12,ACT,3,8.0,72,179,Georgia Tech,NOP,True,Jose Alvarado,4277869.0
271,Goga Bitadze,25.4,ORL,C,1519.146015,2010,nba,35.0,True,C,1999-07-20,ACT,5,3.0,82,250,,ORL,True,Goga Bitadze,4348700.0
272,Saddiq Bey,25.6,WAS,"SF,PF",1511.048396,2131,nba,14.0,True,SF,1999-04-09,ACT,4,9.0,79,215,Villanova,WAS,True,Saddiq Bey,4397136.0
273,Kris Murray,24.3,POR,"SF,PF",1502.981049,2587,nba,24.0,True,SF,2000-08-19,ACT,1,4.0,80,210,Iowa,POR,True,Kris Murray,4594326.0
274,Russell Westbrook,36.0,DEN,PG,1494.943747,1434,nba,4.0,True,PG,1988-11-12,ACT,16,2.0,76,200,UCLA,DEN,True,Russell Westbrook,3468.0
275,Bobby Portis,29.8,MIL,"PF,C",1486.936269,1589,nba,9.0,True,PF,1995-02-10,ACT,9,2.0,82,250,Arkansas,MIL,True,Bobby Portis,3064482.0
276,AJ Griffin,21.3,HOU,"SF,PF",1478.958393,2448,nba,,True,,2003-08-25,FA,2,,78,220,Duke,,True,AJ Griffin,4432585.0
277,Luguentz Dort,25.6,OKC,"SG,SF",1471.009902,2095,nba,5.0,True,SG,1999-04-19,ACT,5,1.0,76,220,Arizona State,OKC,True,Luguentz Dort,4397020.0
278,Jaden Hardy,22.4,DAL,"PG,SG",1463.090579,2485,nba,1.0,True,PG,2002-07-05,ACT,2,2.0,76,198,,DAL,True,Jaden Hardy,4868423.0
279,MarJon Beauchamp,24.1,MIL,"SG,SF",1455.200213,2481,nba,3.0,True,PG,2000-10-12,ACT,2,6.0,79,199,Yakima Valley (WA),MIL,True,MarJon Beauchamp,4432179.0
280,Andre Drummond,31.3,PHI,C,1447.33859,1131,nba,5.0,True,C,1993-08-10,ACT,12,3.0,83,279,UConn,PHI,True,Andre Drummond,6585.0
281,Brandon Boston Jr,23.0,NO,"SG,SF",1439.505504,2292,nba,11.0,True,SF,2001-11-28,TWO-WAY,3,2.0,78,188,Kentucky,NOP,True,Brandon Boston,4432162.0
282,Neemias Queta,25.4,BOS,C,1431.700747,2302,nba,88.0,True,C,1999-07-13,ACT,3,3.0,84,260,Utah State,BOS,True,Neemias Queta,4397424.0
283,Kelly Olynyk,33.6,TOR,C,1423.924115,1282,nba,41.0,True,C,1991-04-19,ACT,11,6.0,83,240,Gonzaga,TOR,True,Kelly Olynyk,2489663.0
284,Chris Paul,39.6,SA,PG,1416.175407,1339,nba,3.0,True,PG,1985-05-06,ACT,19,1.0,72,190,Wake Forest,SAS,True,Chris Paul,2779.0
285,Grant Williams,26.0,CHA,"PF,C",1408.454422,2061,nba,2.0,True,C,1998-11-30,ACT,5,5.0,78,236,Tennessee,CHA,True,Grant Williams,4066218.0
286,Kyle Anderson,31.2,GS,"SF,PF",1400.760963,1548,nba,1.0,True,SF,1993-09-20,ACT,10,2.0,81,250,UCLA,GSW,True,Kyle Anderson,2993874.0
287,Ulrich Chomche,18.9,TOR,PF,1393.094835,2762,nba,22.0,True,C,2005-12-30,TWO-WAY,0,5.0,82,232,,TOR,True,Ulrich Chomche,5211984.0
288,Adem Bona,21.7,PHI,C,1385.455843,2749,nba,30.0,True,C,2003-03-28,ACT,0,4.0,80,243,UCLA,PHI,True,Adem Bona,5105637.0
289,Eric Gordon,35.9,PHI,"SG,SF",1377.843796,1277,nba,23.0,True,SG,1988-12-25,ACT,16,2.0,75,215,Indiana,PHI,True,Eric Gordon,3431.0
290,Tim Hardaway Jr.,32.7,DET,"SG,SF",1370.258506,1029,nba,8.0,True,SF,1992-03-16,ACT,11,1.0,77,205,Michigan,DET,True,Tim Hardaway,2528210.0
291,Moritz Wagner,27.6,ORL,C,1362.699784,1932,nba,21.0,True,C,1997-04-26,ACT,6,2.0,83,245,Michigan,ORL,True,Moritz Wagner,3150844.0
292,Markelle Fultz,26.5,FA,"PG,SG",1355.167445,1772,nba,,True,,1998-05-29,FA,6,,76,209,Washington,,True,Markelle Fultz,4066636.0
293,Luke Kornet,29.4,BOS,C,1347.661305,1759,nba,40.0,True,C,1995-07-15,ACT,7,4.0,86,255,Vanderbilt,BOS,True,Luke Kornet,3064560.0
294,Dariq Whitehead,20.3,BKN,"SG,SF",1332.7269,2570,nba,0.0,True,PF,2004-08-01,ACT,1,8.0,78,220,Duke,BKN,True,Dariq Whitehead,4432735.0
295,Malik Beasley,28.0,DET,SG,1325.298277,1749,nba,5.0,True,SG,1996-11-26,ACT,8,2.0,76,187,Florida State,DET,True,Malik Beasley,3907822.0
296,Tyler Kolek,23.7,NY,PG,1317.895138,2742,nba,13.0,True,PG,2001-03-27,ACT,0,3.0,75,195,Marquette,NYK,True,Tyler Kolek,4433225.0
297,Xavier Tillman Sr.,25.9,BOS,"PF,C",1310.517308,2163,nba,26.0,True,C,1999-01-12,ACT,4,5.0,80,250,Michigan State,BOS,True,Xavier Tillman,4277964.0
298,Ajay Mitchell,22.4,OKC,PG,1303.164617,2772,nba,25.0,True,PG,2002-06-25,TWO-WAY,0,2.0,75,200,UC Santa Barbara,OKC,True,Ajay Mitchell,4900671.0
299,KJ Simpson,22.3,CHA,PG,1295.836892,2751,nba,25.0,True,PG,2002-08-08,TWO-WAY,0,4.0,74,189,Colorado,CHA,True,KJ Simpson,4683834.0
300,Bol Bol,25.0,PHO,"PF,C",1288.533964,2105,nba,11.0,True,PF,1999-11-16,ACT,5,5.0,86,220,Oregon,PHX,True,Bol Bol,4397102.0
301,Larry Nance Jr.,31.9,ATL,C,1281.255668,1620,nba,22.0,True,PF,1993-01-01,ACT,9,3.0,80,245,Wyoming,ATL,True,Larry Nance,2580365.0
302,Dario Saric,30.6,DEN,"PF,C",1274.001836,1674,nba,9.0,True,C,1994-04-08,ACT,7,3.0,82,225,,DEN,True,Dario Saric,3032978.0
303,Juan Nunez,20.5,SA,PG,1266.772305,2760,nba,,True,,2004-06-04,FA,0,,76,175,,,True,Juan Nunez,5144070.0
304,Bones Hyland,24.2,LAC,"PG,SG",1259.566913,2303,nba,5.0,True,PG,2000-09-14,ACT,3,3.0,74,169,VCU,LAC,True,Bones Hyland,4592492.0
305,Jamal Shead,22.3,TOR,PG,1252.385499,2764,nba,23.0,True,PG,2002-07-24,ACT,0,3.0,72,201,Houston,TOR,True,Jamal Shead,4432241.0
306,Harrison Barnes,32.5,SA,"SF,PF",1245.227904,1092,nba,40.0,True,PF,1992-05-30,ACT,12,1.0,80,225,North Carolina,SAS,True,Harrison Barnes,6578.0
307,Talen Horton-Tucker,24.0,CHI,"PG,SG",1238.09397,2043,nba,22.0,True,SF,2000-11-25,ACT,5,4.0,76,234,Iowa State,CHI,True,Talen Horton-Tucker,4396991.0
308,Jett Howard,21.2,ORL,SF,1230.983542,2591,nba,13.0,True,SF,2003-09-14,ACT,1,2.0,78,215,Michigan,ORL,True,Jett Howard,5105806.0
309,Kevon Looney,28.8,GS,"PF,C",1223.896465,1598,nba,5.0,True,C,1996-02-06,ACT,9,2.0,81,249,UCLA,GSW,True,Kevon Looney,3155535.0
310,Craig Porter Jr.,24.8,CLE,"PG,SG",1216.832587,2640,nba,9.0,True,PG,2000-02-26,ACT,1,5.0,73,180,Wichita State,CLE,True,Craig Porter,4701233.0
311,Dante Exum,29.4,DAL,"PG,SG",1202.773821,1555,nba,0.0,True,PG,1995-07-13,ACT,8,7.0,77,214,,DAL,True,Dante Exum,3102528.0
312,Quentin Grimes,24.6,DAL,"SG,SF",1195.778635,2258,nba,5.0,True,SG,2000-05-08,ACT,3,2.0,77,210,Houston,DAL,True,Quentin Grimes,4397014.0
313,Terrence Shannon Jr.,24.3,MIN,SG,1188.806051,2716,nba,0.0,True,SG,2000-07-30,ACT,0,5.0,78,217,Illinois,MIN,True,Terrence Shannon,4432847.0
314,Nick Smith Jr.,20.6,CHA,"PG,SG",1181.855923,2569,nba,8.0,True,SG,2004-04-18,ACT,1,4.0,74,185,Arkansas,CHA,True,Nick Smith,4683686.0
315,Cam Christie,19.3,LAC,SG,1174.928106,2765,nba,12.0,True,SG,2005-07-24,ACT,0,8.0,78,190,Minnesota,LAC,True,Cam Christie,4845363.0
316,Kentavious Caldwell-Pope,31.8,ORL,"SG,SF",1168.022459,1141,nba,3.0,True,SG,1993-02-18,ACT,11,1.0,77,204,Georgia,ORL,True,Kentavious Caldwell-Pope,2581018.0
317,Santi Aldama,23.9,MEM,"PF,C",1161.138839,2281,nba,7.0,True,PF,2001-01-10,ACT,3,2.0,84,215,Loyola (MD),MEM,True,Santi Aldama,4593125.0
318,Mike Conley,37.1,MIN,PG,1154.277107,1200,nba,10.0,True,PG,1987-10-11,ACT,17,1.0,73,180,Ohio State,MIN,True,Mike Conley,3195.0
319,Spencer Dinwiddie,31.6,DAL,"PG,SG",1147.437124,1516,nba,26.0,True,PG,1993-04-06,ACT,10,3.0,77,215,Colorado,DAL,True,Spencer Dinwiddie,2580782.0
320,Mo Bamba,26.5,LAC,C,1140.618752,1994,nba,4.0,True,C,1998-05-12,ACT,6,2.0,84,231,Texas,LAC,True,Mo Bamba,4277919.0
321,Gary Payton II,32.0,GS,"SG,SF",1133.821855,1726,nba,0.0,True,SF,1992-12-01,ACT,8,4.0,74,195,Oregon State,GSW,True,Gary Payton,3134903.0
322,Dalano Banton,25.1,POR,"SG,SF",1127.046299,2290,nba,5.0,True,SG,1999-11-07,ACT,3,2.0,80,204,Nebraska,POR,True,Dalano Banton,4397885.0
323,Trey Alexander,22.6,DEN,SG,1120.291949,2827,nba,23.0,True,SG,2003-05-02,TWO-WAY,0,3.0,76,190,Creighton,DEN,True,Trey Alexander,4433268.0
324,Richaun Holmes,31.1,WAS,C,1113.558674,1603,nba,22.0,True,C,1993-10-15,ACT,9,4.0,81,235,Bowling Green,WAS,True,Richaun Holmes,2993370.0
325,Royce O'Neale,31.5,PHO,"SF,PF",1106.846342,1841,nba,0.0,True,SF,1993-06-05,ACT,7,2.0,78,220,Baylor,PHX,True,Royce O'Neale,2583632.0
326,Ousmane Dieng,21.5,OKC,"SF,PF",1100.154824,2482,nba,13.0,True,C,2003-05-21,ACT,2,3.0,81,185,,OKC,True,Ousmane Dieng,4997526.0
327,Caleb Houstan,21.9,ORL,"SG,SF",1093.48399,2478,nba,2.0,True,SF,2003-01-09,ACT,2,4.0,80,205,Michigan,ORL,True,Caleb Houstan,4433623.0
328,Drew Eubanks,27.8,UTA,C,1086.833714,1951,nba,15.0,True,C,1997-02-01,ACT,6,2.0,82,245,Oregon State,UTA,True,Drew Eubanks,3914285.0
329,Josh Richardson,31.2,MIA,"PG,SG",1080.203869,1644,nba,0.0,True,SG,1993-09-15,ACT,9,4.0,77,200,Tennessee,MIA,True,Josh Richardson,2581190.0
330,Cody Martin,29.2,CHA,"SG,SF",1073.594329,2030,nba,11.0,True,SF,1995-09-28,ACT,5,2.0,78,205,Nevada,CHA,True,Cody Martin,3138161.0
331,Dillon Jones,23.1,OKC,SF,1067.004972,2727,nba,3.0,True,PF,2001-10-29,ACT,0,2.0,77,235,Weber State,OKC,True,Dillon Jones,4702159.0
332,Killian Hayes,23.3,BKN,"PG,SG",1060.435673,2182,nba,,True,,2001-07-27,FA,4,,77,195,,,True,Killian Hayes,4683024.0
333,Bojan Bogdanovic,35.6,BKN,"SF,PF",1053.886311,1522,nba,44.0,True,PF,1989-04-18,ACT,10,9.0,79,226,,BKN,True,Bojan Bogdanovic,3593.0
334,Josh Okogie,26.2,PHO,"SG,SF",1047.356767,1920,nba,2.0,True,SF,1998-09-01,ACT,6,3.0,76,212,Georgia Tech,PHX,True,Josh Okogie,4065663.0
335,Sasha Vezenkov,29.3,FA,"SF,PF",1040.846919,2410,nba,,True,,1995-08-06,FA,2,,80,225,,,True,Sasha Vezenkov,3893014.0
336,Jalen McDaniels,26.8,SAC,"SF,PF",1034.356649,2027,nba,,True,,1998-01-31,FA,5,,81,205,San Diego State,,True,Jalen McDaniels,4066731.0
337,Josh Minott,22.0,MIN,"SF,PF",1027.885841,2465,nba,8.0,True,SF,2002-11-25,ACT,2,3.0,80,212,Memphis,MIN,True,Josh Minott,4687718.0
338,Emoni Bates,20.8,CLE,"SG,SF",1021.434377,2593,nba,21.0,True,PG,2004-01-28,TWO-WAY,1,6.0,80,170,Eastern Michigan,CLE,True,Emoni Bates,4433620.0
339,Duop Reath,28.4,POR,C,1015.002143,2654,nba,26.0,True,C,1996-06-26,ACT,0,5.0,81,245,LSU,POR,True,Duop Reath,4066268.0
340,Christian Wood,29.2,LAL,"PF,C",1008.589024,1600,nba,35.0,True,C,1995-09-27,ACT,8,6.0,80,214,UNLV,LAL,True,Christian Wood,3058254.0
341,Trey Jemison,25.0,NO,C,1002.194907,2681,nba,55.0,True,C,1999-11-28,TWO-WAY,1,4.0,82,260,UAB,NOP,True,Trey Jemison,4395623.0
342,Vasilije Micic,30.9,CHA,"PG,SG",995.8196798,2638,nba,22.0,True,PG,1994-01-13,ACT,1,3.0,75,188,,CHA,True,Vasilije Micic,3102532.0
343,Jalen Hood-Schifino,21.4,LAL,"PG,SG",989.4632306,2572,nba,0.0,True,PG,2003-06-19,ACT,1,5.0,77,215,Indiana,LAL,True,Jalen Hood-Schifino,5105797.0
344,Pat Connaughton,31.9,MIL,"SG,SF",983.1254495,1652,nba,24.0,True,PF,1993-01-06,ACT,9,4.0,77,209,Notre Dame,MIL,True,Pat Connaughton,2578239.0
345,Ochai Agbaji,24.6,TOR,"SG,SF",976.806227,2434,nba,30.0,True,PF,2000-04-20,ACT,2,1.0,77,215,Kansas,TOR,True,Ochai Agbaji,4397018.0
346,Jaylin Williams,22.4,OKC,"PF,C",970.5054548,2845,nba,,True,,2000-07-26,FA,0,,80,245,Auburn,,True,Jaylin Williams,4431776.0
346,Jaylin Williams,22.4,OKC,"PF,C",970.5054548,2845,nba,,True,,2000-07-26,FA,0,,80,245,Auburn,,True,Jaylin Williams,4432823.0
347,John Konchar,28.7,MEM,"SG,SF",964.2230255,2039,nba,46.0,True,SF,1996-03-22,ACT,5,5.0,77,210,Purdue Fort Wayne,MEM,True,John Konchar,3134932.0
348,Vít Krejcí,24.4,ATL,"SG,SF",957.9588326,2185,nba,27.0,True,SG,2000-06-19,ACT,3,3.0,80,195,,ATL,True,Vit Krejci,4578893.0
349,Steven Adams,31.4,HOU,C,951.7127705,1432,nba,12.0,True,C,1993-07-20,ACT,10,2.0,83,265,Pittsburgh,HOU,True,Steven Adams,2991235.0
350,Luke Kennard,28.4,MEM,SG,945.4847346,1777,nba,10.0,True,SF,1996-06-24,ACT,7,2.0,77,206,Duke,MEM,True,Luke Kennard,3913174.0
351,Dorian Finney-Smith,31.6,BKN,"SF,PF,C",939.2746211,1728,nba,28.0,True,PF,1993-05-04,ACT,8,1.0,79,220,Florida,BKN,True,Dorian Finney-Smith,2578185.0
352,Seth Curry,34.3,CHA,SG,933.0823273,1041,nba,30.0,True,SG,1990-08-23,ACT,10,2.0,73,185,Duke,CHA,True,Seth Curry,2326307.0
353,Gabe Vincent,28.5,LAL,"PG,SG",926.907751,2084,nba,7.0,True,SG,1996-06-14,ACT,5,2.0,74,204,UC Santa Barbara,LAL,True,Gabe Vincent,3137259.0
354,Kevin McCullar Jr.,23.7,NY,SF,920.7507912,2741,nba,9.0,True,SF,2001-03-15,TWO-WAY,0,7.0,78,210,Kansas,NYK,True,Kevin McCullar,4411057.0
355,Cam Spencer,24.6,MEM,SG,914.6113477,2752,nba,24.0,True,SG,2000-04-06,TWO-WAY,0,5.0,76,205,UConn,MEM,True,Cam Spencer,4433083.0
356,Olivier-Maxence Prosper,22.4,DAL,PF,908.489321,2585,nba,8.0,True,PF,2002-07-03,ACT,1,5.0,80,215,Marquette,DAL,True,Olivier-Maxence Prosper,4595400.0
357,Enrique Freeman,24.3,IND,PF,902.3846128,2746,nba,8.0,True,PF,2000-07-29,TWO-WAY,0,4.0,79,215,Akron,IND,True,Enrique Freeman,4592699.0
358,Ömer Yurtseven,26.4,FA,C,896.2971251,2172,nba,,True,,1998-06-19,FA,2,,83,275,Georgetown,,True,Omer Yurtseven,3074213.0
359,Tristan Vukcevic,21.7,WAS,C,890.2267612,2596,nba,0.0,True,C,2003-03-11,TWO-WAY,1,7.0,83,223,,WAS,True,Tristan Vukcevic,4997537.0
360,Jalen Slawson,25.1,ORL,SF,884.173425,2617,nba,,True,,1999-10-22,FA,1,,79,215,Furman,,True,Jalen Slawson,4398207.0
361,Oso Ighodaro,22.4,PHO,C,878.1370213,2771,nba,4.0,True,C,2002-07-14,ACT,0,2.0,83,227,Marquette,PHX,True,Oso Ighodaro,4601023.0
362,Tristen Newton,23.6,IND,PG,872.1174555,2745,nba,4.0,True,PG,2001-04-26,TWO-WAY,0,4.0,77,190,UConn,IND,True,Tristen Newton,4592965.0
363,Naji Marshall,26.8,DAL,"SG,SF",866.1146339,2233,nba,13.0,True,SF,1998-01-24,ACT,4,2.0,79,225,Xavier,DAL,True,Naji Marshall,4278594.0
364,Delon Wright,32.6,MIL,"PG,SG",860.1284638,1636,nba,55.0,True,PG,1992-04-26,ACT,9,2.0,77,185,Utah,MIL,True,Delon Wright,3064447.0
365,Blake Wesley,21.7,SA,"PG,SG",854.158853,2450,nba,14.0,True,PG,2003-03-16,ACT,2,3.0,75,190,Notre Dame,SAS,True,Blake Wesley,4683935.0
366,Isaiah Livers,26.3,FA,"SF,PF",848.2057101,2270,nba,,True,,1998-07-28,FA,2,,78,232,Michigan,,True,Isaiah Livers,
367,Jaden Springer,22.2,BOS,SG,842.2689445,2264,nba,44.0,True,SG,2002-09-25,ACT,3,4.0,76,216,Tennessee,BOS,True,Jaden Springer,4432164.0
368,Jalen Bridges,23.5,PHO,SF,836.3484663,2778,nba,15.0,True,SF,2001-05-14,TWO-WAY,0,8.0,79,210,West Virginia,PHX,True,Jalen Bridges,4432946.0
369,Bronny James,20.1,LAL,SG,830.4441864,2755,nba,9.0,True,PG,2004-10-06,ACT,0,4.0,74,212,USC,LAL,True,Bronny James,4683774.0
370,Kenyon Martin Jr.,23.9,PHI,"SF,PF",824.5560165,1037,nba,,False,,1977-12-30,RET,15,,81,225,Cincinnati,,True,Kenyon Martin,
371,Simone Fontecchio,29.0,DET,"SF,PF",818.6838688,2497,nba,19.0,True,PF,1995-12-09,ACT,2,2.0,79,209,,DET,True,Simone Fontecchio,3899664.0
372,Keshad Johnson,23.4,MIA,PF,812.8276565,2767,nba,16.0,True,PF,2001-06-23,TWO-WAY,0,7.0,79,225,Arizona,MIA,True,Keshad Johnson,4431786.0
373,Jae'Sean Tate,29.1,HOU,"SF,PF",806.9872931,2193,nba,8.0,True,SF,1995-10-28,ACT,4,5.0,77,226,Ohio State,HOU,True,Jae'Sean Tate,3136777.0
374,Kris Dunn,30.7,LAC,"PG,SG",801.1626932,1691,nba,8.0,True,SG,1994-03-18,ACT,8,1.0,75,205,Providence,LAC,True,Kris Dunn,2991139.0
375,Jeremiah Robinson-Earl,24.1,NO,"PF,C",795.353772,2298,nba,50.0,True,C,2000-11-03,ACT,3,2.0,80,240,Villanova,NOP,True,Jeremiah Robinson-Earl,4432813.0
376,Sam Merrill,28.5,CLE,SG,789.5604452,2139,nba,5.0,True,SG,1996-05-15,ACT,4,3.0,76,205,Utah State,CLE,True,Sam Merrill,4066757.0
377,Johnny Davis,22.7,WAS,"SG,SF",783.7826293,2437,nba,1.0,True,SF,2002-02-27,ACT,2,4.0,76,195,Wisconsin,WAS,True,Johnny Davis,4432356.0
378,David Jones,23.0,PHI,SF,778.0202415,2818,nba,18.0,True,SG,2001-11-24,TWO-WAY,0,5.0,75,211,Memphis,UTA,True,David Jones,
379,Quinten Post,24.7,GS,C,772.2731997,2747,nba,21.0,True,C,2000-03-21,TWO-WAY,0,4.0,84,250,Boston College,GSW,True,Quinten Post,4593016.0
380,Jesse Edwards,24.7,MIN,C,766.5414222,2829,nba,14.0,True,C,2000-03-18,TWO-WAY,0,6.0,84,237,West Virginia,MIN,True,Jesse Edwards,4431816.0
381,Charles Bassey,24.1,SA,C,755.1233377,2265,nba,28.0,True,C,2000-10-28,ACT,3,3.0,82,240,Western Kentucky,SAS,True,Charles Bassey,4397886.0
382,Bruno Fernando,26.3,TOR,C,749.4368708,2048,nba,24.0,True,C,1998-08-15,ACT,5,3.0,81,240,Maryland,TOR,True,Bruno Fernando,4277952.0
383,Haywood Highsmith,28.0,MIA,"SF,PF",743.7653487,1901,nba,24.0,True,PF,1996-12-09,ACT,4,1.0,77,220,Wheeling (WV),MIA,True,Haywood Highsmith,4291678.0
384,Aaron Wiggins,25.9,OKC,"SG,SF",738.1086929,2299,nba,21.0,True,SF,1999-01-02,ACT,3,1.0,77,190,Maryland,OKC,True,Aaron Wiggins,4397183.0
385,Reggie Jackson,34.6,PHI,"PG,SG",732.4668258,1427,nba,0.0,True,PG,1990-04-16,ACT,13,5.0,74,208,Boston College,PHI,True,Reggie Jackson,6443.0
386,Chris Duarte,27.5,CHI,SG,726.8396702,2261,nba,27.0,True,SG,1997-06-13,ACT,3,7.0,77,190,Oregon,CHI,True,Chris Duarte,4592402.0
387,Aleksej Pokuševski,22.9,FA,"PF,C",721.2271496,2183,nba,,True,,2001-12-26,FA,3,,84,210,,,True,Aleksej Pokusevski,4683018.0
388,Jaxson Hayes,24.5,LAL,"PF,C",710.0457104,2053,nba,11.0,True,C,2000-05-23,ACT,5,2.0,84,225,Texas,LAL,True,Jaxson Hayes,4397077.0
389,Monte Morris,29.4,PHO,"PG,SG",704.4766417,1873,nba,23.0,True,PG,1995-06-27,ACT,7,3.0,74,183,Iowa State,PHX,True,Monte Morris,3059310.0
390,Lonnie Walker,26.0,BOS,"SG,SF",698.9219078,1953,nba,,True,,1998-12-14,FA,5,,76,204,Miami (FL),,True,Lonnie Walker,4277890.0
391,Cam Reddish,25.2,LAL,"SG,SF",693.381435,2049,nba,5.0,True,PF,1999-09-01,ACT,5,2.0,79,230,Duke,LAL,True,Cam Reddish,4395627.0
392,Jericho Sims,26.1,NY,C,687.8551505,2257,nba,20.0,True,C,1998-10-20,ACT,3,2.0,82,254,Texas,NYK,True,Jericho Sims,4277922.0
393,Cameron Payne,30.3,NY,"PG,SG",682.3429816,1651,nba,1.0,True,PG,1994-08-08,ACT,9,2.0,75,183,Murray State,NYK,True,Cameron Payne,3064230.0
394,Shake Milton,28.2,BKN,"PG,SG",676.8448565,1900,nba,7.0,True,PG,1996-09-26,ACT,6,3.0,77,205,SMU,BKN,True,Shake Milton,3915195.0
395,James Nnaji,20.3,FA,C,671.3607038,2598,nba,,True,,2004-08-14,ACT,1,,83,226,,,True,James Nnaji,5144059.0
396,Kobe Brown,24.9,LAC,PF,665.8904526,2579,nba,21.0,True,C,2000-01-01,ACT,1,4.0,79,250,Missouri,LAC,True,Kobe Brown,4431752.0
397,Derrick Jones Jr.,27.8,LAC,"SF,PF",660.4340326,1736,nba,55.0,True,PF,1997-02-15,ACT,8,1.0,78,210,UNLV,LAC,True,Derrick Jones,3936099.0
398,Al Horford,38.5,BOS,"PF,C",654.9913741,1257,nba,42.0,True,C,1986-06-03,ACT,17,2.0,81,246,Florida,BOS,True,Al Horford,3213.0
399,Alec Burks,33.4,MIA,"SG,SF",649.5624079,1354,nba,18.0,True,SG,1991-07-20,ACT,13,3.0,77,214,Colorado,MIA,True,Alec Burks,6429.0
400,Justin Champagnie,23.4,WAS,"SG,SF",644.1470652,2324,nba,9.0,True,SF,2001-06-29,TWO-WAY,3,5.0,78,206,Pittsburgh,WAS,True,Justin Champagnie,4432907.0
401,Luka Garza,25.9,MIN,C,638.7452778,2268,nba,55.0,True,C,1998-12-27,ACT,3,4.0,82,243,Iowa,MIN,True,Luka Garza,4277951.0
402,Trendon Watford,24.0,BKN,"PF,C",633.356978,2325,nba,9.0,True,PF,2000-11-09,ACT,3,3.0,80,237,LSU,BKN,True,Trendon Watford,4431675.0
403,Dean Wade,28.0,CLE,"SF,PF",627.9820987,2008,nba,32.0,True,PF,1996-11-20,ACT,5,2.0,81,228,Kansas State,CLE,True,Dean Wade,3912848.0
404,Malachi Flynn,26.6,SA,PG,622.6205731,2147,nba,,True,,1998-05-09,FA,3,,73,185,San Diego State,,True,Malachi Flynn,4066668.0
405,James Bouknight,24.2,FA,SG,617.2723351,2273,nba,,True,,2000-09-18,FA,2,,76,190,UConn,,True,James Bouknight,
406,Kai Jones,23.9,LAC,C,611.9373189,2271,nba,23.0,True,C,2001-01-19,TWO-WAY,2,5.0,83,221,Texas,LAC,True,Kai Jones,4431699.0
407,AJ Green,25.2,MIL,"PG,SG",606.6154594,2417,nba,20.0,True,SG,1999-09-27,ACT,2,2.0,76,190,Northern Iowa,MIL,True,AJ Green,4397475.0
408,Jevon Carter,29.2,CHI,"PG,SG",601.3066918,1925,nba,5.0,True,PG,1995-09-14,ACT,6,5.0,73,200,West Virginia,CHI,True,Jevon Carter,3133635.0
409,JT Thor,22.3,CLE,PF,596.0109518,2272,nba,15.0,True,PF,2002-08-26,TWO-WAY,3,5.0,81,203,Auburn,CLE,True,JT Thor,4702233.0
410,Christian Koloko,24.4,LAL,C,590.7281758,2473,nba,10.0,True,C,2000-06-20,TWO-WAY,1,3.0,84,230,Arizona,LAL,True,Christian Koloko,4431778.0
411,Colby Jones,22.5,SAC,SG,585.4583003,2616,nba,20.0,True,SF,2002-05-28,ACT,1,3.0,78,205,Xavier,SAC,True,Colby Jones,4433378.0
412,Sidy Cissoko,20.7,SA,"SF,PF",580.2012625,2622,nba,25.0,True,SG,2004-04-02,ACT,1,6.0,78,220,,SAS,True,Sidy Cissoko,5081727.0
413,Nassir Little,24.8,MIA,"SF,PF",574.9570001,2101,nba,,True,,2000-02-11,FA,5,,78,220,North Carolina,,True,Nassir Little,4395652.0
414,Kobi Simmons,27.4,FA,PG,569.725451,1795,nba,,True,,1997-07-04,FA,2,,77,180,Arizona,,True,Kobi Simmons,4066335.0
415,Joshua Primo,21.9,FA,SG,564.5065538,2287,nba,,True,,2002-12-24,FA,2,,76,189,Alabama,,True,Joshua Primo,
416,Dalen Terry,22.4,CHI,"SG,SF",559.3002474,2433,nba,25.0,True,SF,2002-07-12,ACT,2,2.0,79,195,Arizona,CHI,True,Dalen Terry,4433159.0
417,Mason Plumlee,34.7,PHO,C,554.1064713,1175,nba,22.0,True,C,1990-03-05,ACT,11,3.0,82,254,Duke,PHX,True,Mason Plumlee,2488653.0
418,Jalen Pickett,25.1,DEN,"PG,SG",548.9251652,2619,nba,24.0,True,PG,1999-10-22,ACT,1,5.0,74,202,Penn State,DEN,True,Jalen Pickett,4398390.0
419,Rayan Rupert,20.5,POR,"SG,SF",543.7562695,2615,nba,21.0,True,SF,2004-05-31,ACT,1,3.0,78,185,,POR,True,Rayan Rupert,5099752.0
420,Maxi Kleber,32.8,DAL,"PF,C",538.5997248,1852,nba,42.0,True,PF,1992-01-29,ACT,7,2.0,82,240,,DAL,True,Maxi Kleber,2960236.0
421,David Roddy,23.7,ATL,"SF,PF",533.4554722,2443,nba,8.0,True,PF,2001-03-27,ACT,2,4.0,76,255,Colorado State,ATL,True,David Roddy,4593041.0
422,Jock Landale,29.1,HOU,C,528.3234532,2317,nba,2.0,True,C,1995-10-25,ACT,3,3.0,83,255,Saint Mary's,HOU,True,Jock Landale,3146557.0
423,Trey Lyles,29.1,SAC,"PF,C",523.2036099,1640,nba,41.0,True,C,1995-11-05,ACT,9,5.0,81,234,Kentucky,SAC,True,Trey Lyles,3136196.0
424,Kyle Lowry,38.7,PHI,PG,518.0958846,1322,nba,7.0,True,PG,1986-03-25,ACT,18,2.0,72,196,Villanova,PHI,True,Kyle Lowry,
425,Taurean Prince,30.7,MIL,"SG,SF",513.0002201,1704,nba,12.0,True,SF,1994-03-22,ACT,8,1.0,78,218,Baylor,MIL,True,Taurean Prince,2990962.0
426,Robert Covington,34.0,FA,"SF,PF",507.9165594,1232,nba,,True,,1990-12-14,FA,10,,79,209,Tennessee State,,True,Robert Covington,2490620.0
427,Kira Lewis Jr,23.6,FA,"PG,SG",502.8448463,2140,nba,,True,,2001-04-06,FA,4,,73,170,Alabama,,True,Kira Lewis,4395698.0
428,Ricky Council,23.3,PHI,"SG,SF",497.7850247,2624,nba,14.0,True,SG,2001-08-03,ACT,1,3.0,78,207,Arkansas,PHI,True,Ricky Council,4701234.0
429,Bismack Biyombo,32.2,FA,C,492.7370389,1154,nba,,True,,1992-08-28,FA,12,,80,255,,,True,Bismack Biyombo,6427.0
430,Chimezie Metu,27.7,FA,"PF,C",487.7008337,1952,nba,,True,,1997-03-22,FA,5,,82,225,USC,,True,Chimezie Metu,3914283.0
431,Gary Harris,30.2,ORL,"PG,SG",482.6763543,1581,nba,14.0,True,SG,1994-09-14,ACT,10,2.0,76,210,Michigan State,ORL,True,Gary Harris,2999547.0
432,Orlando Robinson,24.4,SAC,C,477.6635461,2414,nba,77.0,True,C,2000-07-10,ACT,2,4.0,82,235,Fresno State,SAC,True,Orlando Robinson,4593049.0
433,Kenneth Lofton Jr.,22.3,CHI,"PF,C",472.6623551,2415,nba,,True,,2002-08-14,FA,2,,78,275,Louisiana Tech,,True,Kenneth Lofton,4585610.0
434,Usman Garuba,23.7,FA,"PF,C",467.6727276,2307,nba,,True,,2002-03-09,FA,3,,80,229,,,True,Usman Garuba,4871143.0
435,Jordan Walsh,20.7,BOS,"SG,SF",462.6946102,2608,nba,27.0,True,PF,2004-03-03,ACT,1,4.0,79,208,Arkansas,BOS,True,Jordan Walsh,4683689.0
436,Keita Bates-Diop,28.8,NY,"SF,PF",457.7279499,1921,nba,,True,,1996-01-23,FA,6,,80,229,Ohio State,,True,Keita Bates-Diop,3136779.0
437,Saben Lee,25.4,FA,PG,452.7726942,2150,nba,,True,,1999-06-23,FA,4,,74,183,Vanderbilt,,True,Saben Lee,4278124.0
438,Thomas Bryant,27.3,MIA,C,447.8287906,1797,nba,31.0,True,C,1997-07-31,ACT,7,4.0,82,248,Indiana,MIA,True,Thomas Bryant,3934723.0
439,Patrick Baldwin Jr.,22.0,WAS,PF,442.8961875,2436,nba,7.0,True,PF,2002-11-18,ACT,2,4.0,81,220,Milwaukee,WAS,True,Patrick Baldwin,4433246.0
440,Admiral Schofield,27.7,FA,"SF,PF",437.9748332,2023,nba,,True,,1997-03-30,FA,3,,77,241,Tennessee,,True,Admiral Schofield,3918423.0
441,Dennis Smith Jr.,27.0,FA,"PG,SG",433.0646765,1856,nba,,True,,1997-11-25,FA,6,,75,205,North Carolina State,,True,Dennis Smith,4065697.0
442,Hamidou Diallo,26.3,FA,SG,428.1656665,1979,nba,,True,,1998-07-31,FA,5,,77,202,Kentucky,,True,Hamidou Diallo,
443,Cedi Osman,29.6,FA,"SF,PF",423.2777529,1762,nba,,True,,1995-04-08,FA,6,,79,230,,,True,Cedi Osman,3893016.0
444,Jordan McLaughlin,28.6,SAC,"PG,SG",418.4008854,2037,nba,3.0,True,PG,1996-04-09,ACT,5,3.0,72,185,USC,SAC,True,Jordan McLaughlin,3134916.0
445,Chris Boucher,31.9,TOR,"PF,C",413.5350143,1771,nba,25.0,True,PF,1993-01-11,ACT,7,2.0,81,200,Oregon,TOR,True,Chris Boucher,3948153.0
446,Nicolas Batum,36.0,LAC,"SF,PF",408.68009,1449,nba,33.0,True,PF,1988-12-14,ACT,16,2.0,80,230,,LAC,True,Nicolas Batum,3416.0
447,Wesley Matthews,38.1,FA,SG,403.8360634,1446,nba,,True,,1986-10-14,FA,14,,77,220,Marquette,,True,Wesley Matthews,4032.0
448,Oshae Brissett,26.4,FA,"SF,PF",399.0028857,2069,nba,,True,,1998-06-20,FA,4,,79,210,Syracuse,,True,Oshae Brissett,4278031.0
449,Ish Wainright,30.2,FA,"SF,PF",394.1805084,2319,nba,,True,,1994-09-12,FA,3,,77,250,Baylor,,True,Ish Wainright,3059307.0
450,TyTy Washington Jr.,23.0,PHO,PG,389.3688834,2446,nba,14.0,True,PG,2001-11-15,TWO-WAY,2,4.0,75,192,Kentucky,PHX,True,TyTy Washington,4683749.0
451,Taj Gibson,39.4,CHA,"PF,C",384.5679627,1016,nba,67.0,True,C,1985-06-24,ACT,15,4.0,81,232,USC,CHA,True,Taj Gibson,3986.0
452,Victor Oladipo,32.6,FA,"PG,SG",379.777699,1489,nba,,True,,1992-05-04,FA,10,,75,213,Indiana,,True,Victor Oladipo,
453,Kevin Knox II,25.3,GS,"SF,PF",374.9980449,1886,nba,,True,,1999-08-11,FA,5,,79,215,Kentucky,,True,Kevin Knox,4278075.0
454,Danilo Gallinari,36.3,FA,SF,370.2289536,1468,nba,,True,,1988-08-08,FA,14,,82,236,,,True,Danilo Gallinari,3428.0
455,Torrey Craig,33.9,CHI,"SF,PF",365.4703784,1874,nba,13.0,True,PF,1990-12-19,ACT,7,3.0,77,221,USC Upstate,CHI,True,Torrey Craig,2528693.0
456,JD Davison,22.2,BOS,"PG,SG",360.7222733,2472,nba,20.0,True,PG,2002-10-03,TWO-WAY,2,4.0,75,215,Alabama,BOS,True,JD Davison,4576085.0
457,A.J. Lawson,24.4,DAL,"SG,SF",355.984592,2339,nba,,True,,2000-07-15,FA,2,,78,179,South Carolina,,True,A.J. Lawson,4067017.0
458,Kevon Harris,27.4,ATL,SG,351.257289,2227,nba,0.0,True,,1997-06-24,FA,1,,77,216,Stephen F. Austin,,True,Kevon Harris,4067858.0
459,Braxton Key,27.8,FA,"SF,PF",346.540319,2406,nba,,True,,1997-02-14,FA,2,,80,225,Virginia,,True,Braxton Key,4066240.0
460,Jordan Nwora,26.2,FA,"SF,PF",341.8336368,2153,nba,,True,,1998-09-09,FA,3,,80,225,Louisville,,True,Jordan Nwora,4277883.0
461,Terry Taylor,25.2,SAC,PF,337.1371976,2321,nba,,True,,1999-09-23,FA,2,,77,230,Austin Peay,,True,Terry Taylor,4279815.0
462,Isaiah Roby,26.8,FA,"PF,C",332.450957,2088,nba,,True,,1998-02-03,FA,4,,78,230,Nebraska,,True,Isaiah Roby,
463,Yuta Watanabe,30.1,FA,"SF,PF",327.7748708,1926,nba,,True,,1994-10-13,FA,5,,81,215,George Washington,,True,Yuta Watanabe,3133838.0
464,Davis Bertans,32.0,FA,"PF,C",323.1088951,1714,nba,,True,,1992-11-12,FA,7,,82,225,,,True,Davis Bertans,6426.0
465,Danuel House Jr.,31.5,FA,SF,318.4529862,1680,nba,,True,,1993-06-07,FA,7,,78,220,Texas A&M,,True,Danuel House,
466,Damion Lee,32.1,PHO,"SG,SF",313.8071008,1807,nba,10.0,True,SG,1992-10-21,ACT,6,5.0,77,204,Louisville,PHX,True,Damion Lee,2595209.0
467,Devonte' Graham,29.8,POR,"PG,SG",309.1711958,1910,nba,,True,,1995-02-22,FA,6,,73,195,Kansas,,True,Devonte' Graham,3133601.0
468,Josh Christopher,23.0,MIA,"PG,SG",304.5452284,2282,nba,8.0,True,PG,2001-12-08,TWO-WAY,2,6.0,76,215,Arizona State,MIA,True,Josh Christopher,4432168.0
469,Joe Harris,33.2,FA,"SG,SF",299.9291562,1500,nba,,False,,1991-09-06,RET,9,,78,220,Virginia,,True,Joe Harris,
470,Amir Coffey,27.4,LAC,"SF,PF",295.3229369,2075,nba,7.0,True,SF,1997-06-17,ACT,5,2.0,79,210,Minnesota,LAC,True,Amir Coffey,4066387.0
471,Kevin Love,36.2,MIA,"PF,C",290.7265285,1187,nba,42.0,True,C,1988-09-07,ACT,16,2.0,80,251,UCLA,MIA,True,Kevin Love,3449.0
472,Dwight Powell,33.4,DAL,C,286.1398892,1547,nba,7.0,True,C,1991-07-20,ACT,10,4.0,82,240,Stanford,DAL,True,Dwight Powell,2531367.0
473,Chuma Okeke,26.3,NY,"SF,PF",281.5629778,2117,nba,,True,,1998-08-18,FA,3,,79,229,Auburn,,True,Chuma Okeke,4278052.0
474,Darius Bazley,24.5,FA,PF,276.9957529,2097,nba,,True,,2000-06-12,FA,5,,81,216,,,True,Darius Bazley,4423545.0
475,Anthony Gill,32.1,WAS,"PF,C",272.4381738,2192,nba,16.0,True,PF,1992-10-17,ACT,4,6.0,80,230,Virginia,WAS,True,Anthony Gill,2581184.0
476,Ryan Rollins,22.4,MIL,PG,267.8901996,2463,nba,13.0,True,PG,2002-07-03,TWO-WAY,2,3.0,75,180,Toledo,MIL,True,Ryan Rollins,4591725.0
477,Kessler Edwards,24.3,DAL,"SF,PF",263.3517901,2277,nba,20.0,True,SF,2000-08-09,TWO-WAY,3,6.0,80,215,Pepperdine,DAL,True,Kessler Edwards,4397693.0
478,Olivier Sarr,25.8,FA,C,258.822905,2402,nba,,True,,1999-02-20,FA,2,,82,240,Kentucky,,True,Olivier Sarr,4278046.0
479,Thanasis Antetokounmpo,32.4,FA,SF,254.3035045,1591,nba,,True,,1992-07-18,FA,6,,79,219,,,True,Thanasis Antetokounmpo,3102533.0
480,Isaiah Mobley,25.2,FA,"SF,PF",249.793549,2460,nba,,True,,1999-09-24,FA,2,,80,238,USC,,True,Isaiah Mobley,4432815.0
481,Micah Potter,26.6,UTA,"PF,C",245.292999,2358,nba,25.0,True,PF,1998-04-06,TWO-WAY,3,5.0,81,248,Wisconsin,UTA,True,Micah Potter,4066399.0
482,Marcus Morris Sr.,35.2,NY,"PF,C",240.8018154,1416,nba,,True,,1989-09-02,FA,12,,80,218,Kansas,,True,Marcus Morris,6462.0
483,Zeke Nnaji,23.9,DEN,"PF,C",236.3199593,2164,nba,22.0,True,C,2001-01-09,ACT,4,4.0,81,240,Arizona,DEN,True,Zeke Nnaji,4431690.0
484,Nerlens Noel,30.6,FA,C,231.847392,1097,nba,,True,,1994-04-10,FA,8,,82,220,Kentucky,,True,Nerlens Noel,
485,Kenrich Williams,30.0,OKC,PF,227.3840751,1946,nba,34.0,True,C,1994-12-02,ACT,6,2.0,78,210,TCU,OKC,True,Kenrich Williams,3133626.0
486,Dominick Barlow,21.5,ATL,"PF,C",222.9299705,2492,nba,26.0,True,C,2003-05-26,TWO-WAY,2,4.0,81,215,,ATL,True,Dominick Barlow,4870562.0
487,Landry Shamet,27.7,NY,"PG,SG",218.4850401,1899,nba,,True,,1997-03-13,FA,5,,76,190,Wichita State,,True,Landry Shamet,3914044.0
488,Troy Brown Jr.,25.3,FA,"SF,PF",214.0492463,1903,nba,,True,,1999-07-28,FA,5,,79,215,Oregon,,True,Troy Brown,4278508.0
489,Evan Fournier,32.1,FA,"SG,SF",209.6225515,1475,nba,,True,,1992-10-29,FA,11,,78,205,,,True,Evan Fournier,6588.0
490,Garrison Mathews,28.1,ATL,"SG,SF",205.2049185,2021,nba,24.0,True,SF,1996-10-24,ACT,5,4.0,78,215,Lipscomb,ATL,True,Garrison Mathews,3913180.0
491,Georges Niang,31.4,CLE,"SF,PF",200.7963104,1671,nba,20.0,True,SF,1993-06-17,ACT,8,2.0,79,230,Iowa State,CLE,True,Georges Niang,2990969.0
492,Damian Jones,29.4,FA,C,196.3966902,1673,nba,,True,,1995-06-30,FA,7,,82,245,Vanderbilt,,True,Damian Jones,3064559.0
493,Hunter Tyson,24.5,DEN,"SF,PF",192.0060215,2618,nba,5.0,True,PF,2000-06-13,ACT,1,2.0,80,215,Clemson,DEN,True,Hunter Tyson,4395620.0
494,Khem Birch,32.2,FA,C,187.6242678,1876,nba,,True,,1992-09-28,FA,6,,80,233,UNLV,,True,Khem Birch,
495,Keon Johnson,22.7,BKN,"PG,SG",183.2513931,2293,nba,45.0,True,SG,2002-03-10,ACT,3,4.0,77,185,Tennessee,BKN,True,Keon Johnson,4432192.0
496,Juan Toscano-Anderson,31.6,FA,SF,178.8873614,2111,nba,,True,,1993-04-10,FA,3,,78,209,Marquette,,True,Juan Toscano-Anderson,
497,P.J. Tucker,39.6,LAC,SF,174.532137,1421,nba,17.0,True,PF,1985-05-05,NWT,13,7.0,77,245,Texas,LAC,True,P.J. Tucker,3033.0
498,Furkan Korkmaz,27.3,FA,"SG,SF",170.1856845,1774,nba,,True,,1997-07-24,FA,6,,79,202,,,True,Furkan Korkmaz,
499,Duane Washington Jr.,24.7,FA,SG,161.5189542,2320,nba,,True,,2000-03-24,FA,2,,74,197,Ohio State,,True,Duane Washington,4397235.0
500,Bryce McGowens,22.1,POR,"SG,SF",157.1986066,2464,nba,11.0,True,SG,2002-11-08,TWO-WAY,2,8.0,78,175,Nebraska,POR,True,Bryce McGowens,4576086.0
501,Doug McDermott,32.9,SAC,"SG,SF",152.886891,1492,nba,7.0,True,SF,1992-01-03,ACT,10,5.0,78,225,Creighton,SAC,True,Doug McDermott,2528588.0
502,RJ Hampton,23.8,FA,"PG,SG",148.583773,2186,nba,,True,,2001-02-07,TWO-WAY,3,,76,175,,,True,RJ Hampton,
503,Ibou Badji,22.1,MIL,C,144.2892185,2525,nba,,True,,2002-10-13,FA,2,,84,240,,,True,Ibou Badji,4871140.0
504,Patty Mills,36.3,UTA,"PG,SG",140.0031934,1305,nba,8.0,True,PG,1988-08-11,ACT,15,3.0,74,180,Saint Mary's (CA),UTA,True,Patty Mills,4004.0
505,Otto Porter Jr.,31.5,FA,"SG,SF",135.7256638,1117,nba,,False,,1993-06-03,RET,10,,80,230,Georgetown,,True,Otto Porter,
506,Montrezl Harrell,30.8,FA,C,131.4565963,1625,nba,,True,,1994-01-26,FA,8,,79,240,Louisville,,True,Montrezl Harrell,
507,JaVale McGee,36.9,FA,C,127.1959573,1466,nba,,True,,1988-01-19,FA,15,,84,270,Nevada,,True,JaVale McGee,3452.0
508,Theo Maledon,23.5,FA,PG,122.9437137,2184,nba,,True,,2001-06-12,FA,3,,76,175,,,True,Theo Maledon,
509,Isaiah Todd,23.1,FA,"PF,C",118.6998324,2312,nba,,True,,2001-10-17,FA,1,,81,219,,,True,Isaiah Todd,
510,Derrick Rose,36.1,MEM,PG,114.4642806,1006,nba,,False,,1988-10-04,RET,15,,75,200,Memphis,,True,Derrick Rose,3456.0
511,Udoka Azubuike,25.2,FA,C,110.2370257,2151,nba,,True,,1999-09-17,FA,4,,83,270,Kansas,,True,Udoka Azubuike,4066299.0
512,Reggie Bullock,33.7,FA,"SF,PF",106.0180352,1333,nba,,True,,1991-03-16,FA,10,,78,205,North Carolina,,True,Reggie Bullock,2528779.0
513,Vlatko Cancar,27.6,DEN,PF,101.807277,2106,nba,31.0,True,C,1997-04-10,ACT,4,6.0,80,236,,DEN,True,Vlatko Cancar,4230557.0
514,Jaylen Clark,23.1,MIN,SG,43.70341867,2602,nba,22.0,True,SG,2001-10-13,TWO-WAY,1,9.0,76,205,UCLA,MIN,True,Jaylen Clark,4432247.0
515,Justin Edwards,21.0,PHI,SF,0.0,2748,nba,19.0,True,SF,2003-12-16,TWO-WAY,0,8.0,80,203,Kentucky,PHI,True,Justin Edwards,4711297.0
516,Pelle Larsson,23.8,MIA,SG,0.0,2768,nba,9.0,True,SF,2001-02-23,ACT,0,2.0,77,212,Arizona,MIA,True,Pelle Larsson,4601025.0
517,Antonio Reeves,24.0,NO,SG,0.0,2758,nba,12.0,True,SF,2000-11-20,ACT,0,4.0,77,187,Kentucky,NOP,True,Antonio Reeves,4592686.0
518,Harrison Ingram,22.0,SA,SF,0.0,2761,nba,55.0,True,PF,2002-11-27,TWO-WAY,0,5.0,77,235,North Carolina,SAS,True,Harrison Ingram,4433618.0
519,Melvin Ajinca,20.4,DAL,SF,0.0,2770,nba,,True,,2004-06-26,NWT,0,,80,218,,,True,Melvin Ajinca,5211981.0
520,Ariel Hukporti,22.6,NY,C,0.0,2743,nba,55.0,True,C,2002-04-12,ACT,0,3.0,83,246,,NYK,True,Ariel Hukporti,4871141.0
521,PJ Hall,22.8,DEN,C,0.0,2773,nba,13.0,True,C,2002-02-21,TWO-WAY,0,5.0,82,238,Clemson,DEN,True,PJ Hall,4701225.0
522,N'Faly Dante,23.1,HOU,C,0.0,2756,nba,3.0,True,C,2001-10-19,TWO-WAY,0,6.0,83,265,Oregon,HOU,True,N'Faly Dante,4592401.0
523,Reece Beekman,23.1,GS,PG,0.0,2775,nba,3.0,True,PG,2001-10-08,TWO-WAY,0,4.0,73,198,Virginia,GSW,True,Reece Beekman,4432187.0
524,Isaac Jones,24.4,SAC,C,0.0,2780,nba,17.0,True,C,1999-07-11,TWO-WAY,0,2.0,81,245,Washington State,SAC,True,Isaac Jones,5107818.0
525,Thaddeus Young,36.4,FA,"PF,C",0.0,1104,nba,,True,,1988-06-21,FA,17,,80,225,Georgia Tech,,True,Thaddeus Young,3244.0
526,Mike Muscala,33.4,FA,"PF,C",0.0,1252,nba,,False,,1991-07-01,RET,10,,82,240,Bucknell,,True,Mike Muscala,2490089.0
527,Dylan Windler,28.2,FA,SF,0.0,2005,nba,,True,,1996-09-22,FA,3,,79,196,Belmont,,True,Dylan Windler,3906786.0
528,Jared Butler,24.3,WAS,"PG,SG",0.0,2295,nba,4.0,True,PG,2000-08-25,TWO-WAY,3,4.0,75,193,Baylor,WAS,True,Jared Butler,4395695.0
529,Moses Brown,25.1,FA,C,0.0,2100,nba,3.0,True,C,1999-10-13,ACT,4,3.0,86,258,UCLA,IND,True,Moses Brown,4397126.0
530,Jae Crowder,34.4,FA,"SF,PF",0.0,1403,nba,99.0,True,PF,1990-07-06,ACT,12,2.0,78,235,Marquette,SAC,True,Jae Crowder,6581.0
531,Danny Green,37.4,FA,SG,0.0,1296,nba,,False,,1987-06-22,RET,14,,78,215,North Carolina,,True,Danny Green,
532,Frank Ntilikina,26.3,FA,PG,0.0,1757,nba,,True,,1998-07-28,FA,6,,76,200,,,True,Frank Ntilikina,
533,Cody Zeller,32.1,ATL,C,0.0,1162,nba,41.0,True,C,1992-10-05,NWT,11,7.0,83,240,Indiana,ATL,True,Cody Zeller,2579258.0
534,Ty Jerome,27.4,CLE,"PG,SG",0.0,2090,nba,2.0,True,PG,1997-07-08,ACT,5,2.0,77,195,Virginia,CLE,True,Ty Jerome,4065733.0
535,Cory Joseph,33.3,ORL,PG,0.0,1298,nba,10.0,True,PG,1991-08-20,ACT,13,4.0,74,200,Texas,ORL,True,Cory Joseph,6446.0
536,Aaron Holiday,28.2,HOU,"PG,SG",0.0,1895,nba,0.0,True,PG,1996-09-30,ACT,6,3.0,72,185,UCLA,HOU,True,Aaron Holiday,3922230.0
537,Wenyen Gabriel,27.7,FA,"PF,C",0.0,1985,nba,,True,,1997-03-26,FA,4,,81,205,Kentucky,,True,Wenyen Gabriel,
538,Svi Mykhailiuk,27.5,UTA,"SG,SF",0.0,1907,nba,19.0,True,SG,1997-06-10,ACT,6,4.0,79,205,Kansas,UTA,True,Svi Mykhailiuk,3133602.0
539,Justin Holiday,35.6,FA,"SG,SF",0.0,1503,nba,,True,,1989-04-05,FA,10,,78,180,Washington,,True,Justin Holiday,2284101.0
540,Robin Lopez,36.7,FA,C,0.0,1455,nba,,True,,1988-04-01,FA,15,,85,281,Stanford,,True,Robin Lopez,
541,Joe Ingles,37.2,MIN,"SG,SF",0.0,1559,nba,7.0,True,PF,1987-10-02,ACT,10,3.0,80,235,,MIN,True,Joe Ingles,2968436.0
542,Jeff Green,38.3,HOU,"PF,C",0.0,1285,nba,32.0,True,PF,1986-08-28,ACT,16,4.0,80,235,Georgetown,HOU,True,Jeff Green,3209.0
543,Alex Len,31.4,SAC,C,0.0,1412,nba,25.0,True,C,1993-06-16,ACT,11,3.0,84,250,Maryland,SAC,True,Alex Len,2596107.0
544,Garrett Temple,38.6,TOR,SG,0.0,1124,nba,17.0,True,SG,1986-05-08,ACT,14,7.0,77,195,LSU,TOR,True,Garrett Temple,4023.0
545,Nate Hinton,25.5,HOU,"SG,SF",0.0,2214,nba,,True,,1999-06-08,FA,3,,77,210,Houston,,True,Nate Hinton,4396629.0
546,Trevelin Queen,27.8,ORL,SG,0.0,2174,nba,12.0,True,PG,1997-02-25,TWO-WAY,3,5.0,77,190,New Mexico State,ORL,True,Trevelin Queen,4409222.0
547,Mamadi Diakite,27.8,PHO,PF,0.0,2197,nba,,True,,1997-01-21,FA,4,,81,228,Virginia,,True,Mamadi Diakite,3947156.0
548,Jason Preston,25.3,UTA,"PG,SG",0.0,2294,nba,,True,,1999-08-10,FA,2,,75,181,Ohio,,True,Jason Preston,4397916.0
549,Sandro Mamukelashvili,25.5,SA,PF,0.0,2296,nba,54.0,True,PF,1999-05-23,ACT,3,2.0,81,235,Seton Hall,SAS,True,Sandro Mamukelashvili,4278580.0
550,Dru Smith,26.9,MIA,"PG,SG",0.0,2360,nba,12.0,True,PG,1997-12-30,TWO-WAY,2,5.0,74,203,Missouri,MIA,True,Dru Smith,4066993.0
551,Eugene Omoruyi,27.8,MIN,"SF,PF",0.0,2336,nba,,True,,1997-02-14,FA,3,,78,235,Oregon,,True,Eugene Omoruyi,4066410.0
552,Daishen Nix,22.8,MIN,PG,0.0,2347,nba,1.0,True,PG,2002-02-13,TWO-WAY,3,5.0,75,226,,MIN,True,Daishen Nix,4432176.0
553,Brandon Williams,25.0,DAL,PG,0.0,2397,nba,10.0,True,PG,1999-11-22,TWO-WAY,2,6.0,73,190,Arizona,DAL,True,Brandon Williams,4397040.0
554,Lindy Waters III,27.3,GS,"SG,SF",0.0,2408,nba,43.0,True,SG,1997-07-28,ACT,3,1.0,77,201,Oklahoma State,GSW,True,Lindy Waters,4066317.0
555,Matt Ryan,27.6,NY,SF,0.0,2375,nba,37.0,True,SF,1997-04-17,ACT,3,3.0,78,215,Chattanooga,NYK,True,Matt Ryan,3908336.0
556,E.J. Liddell,23.9,CHI,PF,0.0,2471,nba,32.0,True,C,2000-12-18,TWO-WAY,1,4.0,78,240,Ohio State,CHI,True,E.J. Liddell,4432821.0
557,Wendell Moore Jr.,23.2,DET,"SG,SF",0.0,2442,nba,14.0,True,PG,2001-09-18,ACT,2,4.0,77,215,Duke,DET,True,Wendell Moore,4592187.0
558,Kendall Brown,21.5,IND,"SG,SF",0.0,2462,nba,,True,,2003-05-11,FA,2,,80,205,Baylor,,True,Kendall Brown,4433254.0
559,Gui Santos,22.4,GS,"SF,PF",0.0,2488,nba,15.0,True,SG,2002-06-22,ACT,1,7.0,79,218,,GSW,True,Gui Santos,4997536.0
560,Collin Gillespie,25.4,PHO,PG,0.0,2422,nba,12.0,True,PG,1999-06-25,TWO-WAY,1,7.0,73,195,Villanova,PHX,True,Collin Gillespie,4278585.0
561,Johnny Juzang,23.7,UTA,"SG,SF",0.0,2413,nba,33.0,True,SF,2001-03-17,ACT,2,3.0,77,209,UCLA,UTA,True,Johnny Juzang,4432817.0
562,Buddy Boeheim,25.0,OKC,SF,0.0,2493,nba,,True,,1999-11-11,FA,1,,78,205,Syracuse,,True,Buddy Boeheim,4395676.0
563,Alondes Williams,25.4,DET,SG,0.0,2428,nba,31.0,True,PG,1999-06-19,TWO-WAY,2,6.0,76,210,Wake Forest,DET,True,Alondes Williams,4592216.0
564,Cole Swider,25.6,DET,PF,0.0,2429,nba,13.0,True,C,1999-05-08,TWO-WAY,2,4.0,82,220,Syracuse,DET,True,Cole Swider,4397134.0
565,Stanley Umude,25.6,MIL,SF,0.0,2535,nba,17.0,True,SG,1999-04-12,TWO-WAY,2,8.0,78,210,Arkansas,MIL,True,Stanley Umude,4279532.0
566,Jamal Cain,25.7,NO,"SF,PF",0.0,2537,nba,8.0,True,SF,1999-03-20,TWO-WAY,2,6.0,78,191,Marquette,NOP,True,Jamal Cain,4278572.0
567,Jamaree Bouyea,25.4,SA,PG,0.0,2431,nba,,True,,1999-06-27,FA,2,,74,180,San Francisco,,True,Jamaree Bouyea,4280245.0
568,Nate Williams,25.8,HOU,"PG,SG",0.0,2543,nba,19.0,True,PG,1999-02-12,TWO-WAY,2,6.0,77,205,Buffalo,HOU,True,Nate Williams,4397821.0
569,Justin Minaya,25.7,POR,"SG,SF",0.0,2557,nba,10.0,True,PF,1999-03-26,TWO-WAY,2,7.0,77,205,Providence,POR,True,Justin Minaya,4278111.0
570,Julian Phillips,21.1,CHI,"SF,PF",0.0,2592,nba,15.0,True,PF,2003-11-05,ACT,1,2.0,80,198,Tennessee,CHI,True,Julian Phillips,5105553.0
571,Mouhamed Gueye,22.1,ATL,"PF,C",0.0,2606,nba,18.0,True,C,2002-11-09,ACT,1,5.0,82,210,Washington State,ATL,True,Mouhamed Gueye,4712863.0
572,Maxwell Lewis,22.3,LAL,SF,0.0,2605,nba,20.0,True,PF,2002-07-27,ACT,1,4.0,79,215,Pepperdine,LAL,True,Maxwell Lewis,4684286.0
573,Seth Lundy,24.7,ATL,SF,0.0,2607,nba,3.0,True,SG,2000-04-02,TWO-WAY,1,8.0,76,220,Penn State,ATL,True,Seth Lundy,4431775.0
574,Jordan Miller,24.8,LAC,SF,0.0,2610,nba,11.0,True,SF,2000-01-23,TWO-WAY,1,3.0,77,194,Miami (FL),LAC,True,Jordan Miller,4396818.0
575,Jalen Wilson,24.1,BKN,SF,0.0,2600,nba,22.0,True,SF,2000-11-04,ACT,1,2.0,78,220,Kansas,BKN,True,Jalen Wilson,4431714.0
576,Chris Livingston,21.1,MIL,"SF,PF",0.0,2612,nba,7.0,True,PF,2003-10-15,ACT,1,7.0,78,220,Kentucky,MIL,True,Chris Livingston,4433622.0
577,Adama Sanogo,22.8,CHI,C,0.0,2626,nba,21.0,True,C,2002-02-12,TWO-WAY,1,3.0,81,245,UConn,CHI,True,Adama Sanogo,4702023.0
578,Tristan Thompson,33.7,CLE,"PF,C",0.0,1045,nba,13.0,True,C,1991-03-13,ACT,13,3.0,81,254,Texas,CLE,True,Tristan Thompson,6474.0
579,James Johnson,37.8,IND,PF,0.0,1198,nba,16.0,True,PF,1987-02-20,ACT,15,5.0,79,239,Wake Forest,IND,True,James Johnson,3999.0
580,DeAndre Jordan,36.4,DEN,C,0.0,1328,nba,6.0,True,C,1988-07-21,ACT,16,2.0,83,265,Texas A&M,DEN,True,DeAndre Jordan,3442.0
